round,detector,frame,ms
0,s3fd,0,12.7359
0,s3fd,1,12.5337
0,s3fd,2,12.6681
0,s3fd,3,12.5867
0,s3fd,4,12.8256
0,s3fd,5,12.5732
0,s3fd,6,12.7265
0,s3fd,7,12.6393
0,s3fd,8,12.8888
0,s3fd,9,13.034
0,s3fd,10,12.4499
0,s3fd,11,12.6766
0,s3fd,12,12.8361
0,s3fd,13,13.0808
0,s3fd,14,11.2306
0,s3fd,15,12.7261
0,s3fd,16,12.8588
0,s3fd,17,13.1862
0,s3fd,18,12.3571
0,s3fd,19,12.586
0,s3fd,20,12.6149
0,s3fd,21,12.8575
0,s3fd,22,12.4696
0,s3fd,23,12.7331
0,s3fd,24,12.6156
0,s3fd,25,9.9383
0,s3fd,26,4.60608
0,s3fd,27,5.01006
0,s3fd,28,5.12443
0,s3fd,29,4.9789
0,s3fd,30,4.76633
0,s3fd,31,5.52189
0,s3fd,32,12.729
0,s3fd,33,12.9035
0,s3fd,34,12.9328
0,s3fd,35,12.8465
0,s3fd,36,12.4695
0,s3fd,37,12.6702
0,s3fd,38,12.8216
0,s3fd,39,12.6929
0,s3fd,40,12.9178
0,s3fd,41,12.2689
0,s3fd,42,12.6351
0,s3fd,43,12.6285
0,s3fd,44,12.7338
0,s3fd,45,12.6698
0,s3fd,46,12.8639
0,s3fd,47,12.9957
0,s3fd,48,12.4555
0,s3fd,49,12.5439
0,scrfd,0,3.25677
0,scrfd,1,3.04682
0,scrfd,2,3.36967
0,scrfd,3,2.91741
0,scrfd,4,3.08977
0,scrfd,5,3.05651
0,scrfd,6,3.05763
0,scrfd,7,3.59841
0,scrfd,8,2.8071
0,scrfd,9,2.36913
0,scrfd,10,3.10195
0,scrfd,11,2.99049
0,scrfd,12,1.85139
0,scrfd,13,1.91366
0,scrfd,14,2.12241
0,scrfd,15,3.09371
0,scrfd,16,3.06912
0,scrfd,17,3.21359
0,scrfd,18,3.00863
0,scrfd,19,3.30879
0,scrfd,20,2.99993
0,scrfd,21,3.00131
0,scrfd,22,3.07244
0,scrfd,23,3.28937
0,scrfd,24,3.16815
0,scrfd,25,3.17595
0,scrfd,26,3.01094
0,scrfd,27,3.08249
0,scrfd,28,3.17977
0,scrfd,29,3.01178
0,scrfd,30,3.30759
0,scrfd,31,2.99447
0,scrfd,32,3.06765
0,scrfd,33,3.08156
0,scrfd,34,3.11888
0,scrfd,35,3.29221
0,scrfd,36,5.20287
0,scrfd,37,3.05459
0,scrfd,38,3.1701
0,scrfd,39,3.0751
0,scrfd,40,3.33052
0,scrfd,41,2.88225
0,scrfd,42,3.08961
0,scrfd,43,3.1152
0,scrfd,44,3.06752
0,scrfd,45,3.35614
0,scrfd,46,2.91362
0,scrfd,47,3.07119
0,scrfd,48,3.04836
0,scrfd,49,3.43692
1,scrfd,50,3.08616
1,scrfd,51,3.29229
1,scrfd,52,2.87626
1,scrfd,53,3.06461
1,scrfd,54,3.19514
1,scrfd,55,3.13521
1,scrfd,56,5.31955
1,scrfd,57,3.00644
1,scrfd,58,1.72817
1,scrfd,59,1.71078
1,scrfd,60,2.03528
1,scrfd,61,1.99989
1,scrfd,62,1.59728
1,scrfd,63,2.63243
1,scrfd,64,2.50259
1,scrfd,65,1.80617
1,scrfd,66,1.5985
1,scrfd,67,1.53599
1,scrfd,68,3.38374
1,scrfd,69,3.02198
1,scrfd,70,3.35813
1,scrfd,71,2.83937
1,scrfd,72,3.05207
1,scrfd,73,3.18474
1,scrfd,74,3.00552
1,scrfd,75,3.25732
1,scrfd,76,3.02704
1,scrfd,77,3.03567
1,scrfd,78,3.09617
1,scrfd,79,3.19577
1,scrfd,80,3.23632
1,scrfd,81,5.26062
1,scrfd,82,3.11299
1,scrfd,83,3.07872
1,scrfd,84,3.03895
1,scrfd,85,3.27109
1,scrfd,86,3.04312
1,scrfd,87,3.05835
1,scrfd,88,3.13894
1,scrfd,89,3.09013
1,scrfd,90,3.16198
1,scrfd,91,3.03516
1,scrfd,92,3.08541
1,scrfd,93,3.08384
1,scrfd,94,3.32198
1,scrfd,95,3.2356
1,scrfd,96,3.05139
1,scrfd,97,3.07793
1,scrfd,98,3.04138
1,scrfd,99,3.22627
1,s3fd,50,12.531
1,s3fd,51,12.7157
1,s3fd,52,12.6561
1,s3fd,53,12.5712
1,s3fd,54,12.6758
1,s3fd,55,12.8921
1,s3fd,56,12.8017
1,s3fd,57,12.5699
1,s3fd,58,12.6943
1,s3fd,59,12.7821
1,s3fd,60,13.4185
1,s3fd,61,8.33891
1,s3fd,62,12.2637
1,s3fd,63,13.0909
1,s3fd,64,12.3743
1,s3fd,65,12.7375
1,s3fd,66,12.6265
1,s3fd,67,13.3395
1,s3fd,68,11.904
1,s3fd,69,12.9979
1,s3fd,70,12.2597
1,s3fd,71,12.669
1,s3fd,72,12.7957
1,s3fd,73,7.51981
1,s3fd,74,4.98463
1,s3fd,75,6.08842
1,s3fd,76,6.29233
1,s3fd,77,5.37566
1,s3fd,78,5.13017
1,s3fd,79,11.945
1,s3fd,80,12.6544
1,s3fd,81,12.6378
1,s3fd,82,12.7733
1,s3fd,83,12.5126
1,s3fd,84,12.6181
1,s3fd,85,12.6257
1,s3fd,86,12.8507
1,s3fd,87,12.641
1,s3fd,88,12.7361
1,s3fd,89,12.6703
1,s3fd,90,12.8949
1,s3fd,91,12.4301
1,s3fd,92,12.6786
1,s3fd,93,12.5508
1,s3fd,94,12.6951
1,s3fd,95,12.658
1,s3fd,96,12.597
1,s3fd,97,12.6232
1,s3fd,98,12.9519
1,s3fd,99,11.4256
2,s3fd,100,7.667
2,s3fd,101,7.85059
2,s3fd,102,12.853
2,s3fd,103,12.603
2,s3fd,104,12.7316
2,s3fd,105,12.5907
2,s3fd,106,12.8004
2,s3fd,107,12.5827
2,s3fd,108,12.7253
2,s3fd,109,13.1347
2,s3fd,110,12.2101
2,s3fd,111,12.5813
2,s3fd,112,12.812
2,s3fd,113,4.62432
2,s3fd,114,4.89191
2,s3fd,115,5.13463
2,s3fd,116,4.80971
2,s3fd,117,5.08873
2,s3fd,118,5.16218
2,s3fd,119,6.47001
2,s3fd,120,13.3951
2,s3fd,121,12.6807
2,s3fd,122,12.5
2,s3fd,123,12.5428
2,s3fd,124,12.8233
2,s3fd,125,13.1166
2,s3fd,126,12.2613
2,s3fd,127,12.5836
2,s3fd,128,12.8225
2,s3fd,129,12.8121
2,s3fd,130,12.4766
2,s3fd,131,12.6741
2,s3fd,132,12.7143
2,s3fd,133,13.0674
2,s3fd,134,12.3498
2,s3fd,135,12.7071
2,s3fd,136,12.7264
2,s3fd,137,12.6733
2,s3fd,138,12.7424
2,s3fd,139,11.5491
2,s3fd,140,9.64692
2,s3fd,141,12.3702
2,s3fd,142,12.6297
2,s3fd,143,12.4998
2,s3fd,144,12.8947
2,s3fd,145,12.6793
2,s3fd,146,12.5294
2,s3fd,147,12.6184
2,s3fd,148,12.8253
2,s3fd,149,12.8462
2,scrfd,100,5.25633
2,scrfd,101,3.06285
2,scrfd,102,3.35856
2,scrfd,103,3.03496
2,scrfd,104,3.18153
2,scrfd,105,2.9508
2,scrfd,106,1.49778
2,scrfd,107,1.48046
2,scrfd,108,2.43718
2,scrfd,109,2.06888
2,scrfd,110,1.82882
2,scrfd,111,1.60153
2,scrfd,112,2.14674
2,scrfd,113,2.51794
2,scrfd,114,1.59733
2,scrfd,115,3.42659
2,scrfd,116,3.35114
2,scrfd,117,3.05801
2,scrfd,118,3.45135
2,scrfd,119,5.07436
2,scrfd,120,3.14471
2,scrfd,121,3.03898
2,scrfd,122,3.20974
2,scrfd,123,3.13829
2,scrfd,124,2.96255
2,scrfd,125,3.08012
2,scrfd,126,3.36151
2,scrfd,127,3.08936
2,scrfd,128,3.30831
2,scrfd,129,2.97295
2,scrfd,130,3.06126
2,scrfd,131,3.35162
2,scrfd,132,2.85997
2,scrfd,133,3.31364
2,scrfd,134,3.08284
2,scrfd,135,5.18665
2,scrfd,136,3.34734
2,scrfd,137,3.05585
2,scrfd,138,3.36259
2,scrfd,139,5.17818
2,scrfd,140,3.05206
2,scrfd,141,3.10202
2,scrfd,142,3.34678
2,scrfd,143,5.23402
2,scrfd,144,3.01203
2,scrfd,145,3.41703
2,scrfd,146,3.04875
2,scrfd,147,3.33037
2,scrfd,148,2.94012
2,scrfd,149,3.06688
3,scrfd,150,3.13647
3,scrfd,151,3.03907
3,scrfd,152,3.20811
3,scrfd,153,3.38101
3,scrfd,154,2.79273
3,scrfd,155,3.07299
3,scrfd,156,3.13241
3,scrfd,157,3.17101
3,scrfd,158,5.44151
3,scrfd,159,3.0156
3,scrfd,160,3.08525
3,scrfd,161,3.05793
3,scrfd,162,3.4311
3,scrfd,163,2.90505
3,scrfd,164,3.03235
3,scrfd,165,3.12993
3,scrfd,166,3.11267
3,scrfd,167,3.21975
3,scrfd,168,3.27722
3,scrfd,169,2.8876
3,scrfd,170,3.16214
3,scrfd,171,3.30176
3,scrfd,172,3.0742
3,scrfd,173,3.40449
3,scrfd,174,2.82428
3,scrfd,175,3.06088
3,scrfd,176,3.13188
3,scrfd,177,3.01535
3,scrfd,178,3.25015
3,scrfd,179,3.0186
3,scrfd,180,3.08781
3,scrfd,181,3.12756
3,scrfd,182,3.16256
3,scrfd,183,3.14152
3,scrfd,184,3.23705
3,scrfd,185,2.99614
3,scrfd,186,3.06813
3,scrfd,187,3.35817
3,scrfd,188,3.06784
3,scrfd,189,3.42876
3,scrfd,190,1.9753
3,scrfd,191,3.69961
3,scrfd,192,2.96189
3,scrfd,193,2.09544
3,scrfd,194,2.07394
3,scrfd,195,1.91615
3,scrfd,196,2.73518
3,scrfd,197,1.83015
3,scrfd,198,3.15469
3,scrfd,199,3.31063
3,s3fd,150,12.5483
3,s3fd,151,12.6469
3,s3fd,152,12.8996
3,s3fd,153,12.6847
3,s3fd,154,12.6184
3,s3fd,155,12.6476
3,s3fd,156,14.0169
3,s3fd,157,13.5268
3,s3fd,158,12.9615
3,s3fd,159,12.4491
3,s3fd,160,7.83883
3,s3fd,161,4.63786
3,s3fd,162,5.2071
3,s3fd,163,5.52527
3,s3fd,164,4.7728
3,s3fd,165,5.07468
3,s3fd,166,4.89813
3,s3fd,167,13.4935
3,s3fd,168,12.8613
3,s3fd,169,13.053
3,s3fd,170,12.301
3,s3fd,171,12.7123
3,s3fd,172,12.8232
3,s3fd,173,13.1832
3,s3fd,174,12.2058
3,s3fd,175,12.7366
3,s3fd,176,12.5527
3,s3fd,177,12.7173
3,s3fd,178,12.5295
3,s3fd,179,12.6724
3,s3fd,180,12.7366
3,s3fd,181,13.232
3,s3fd,182,11.9485
3,s3fd,183,12.6366
3,s3fd,184,12.6219
3,s3fd,185,12.6807
3,s3fd,186,11.5625
3,s3fd,187,7.61036
3,s3fd,188,13.0251
3,s3fd,189,12.5565
3,s3fd,190,12.7563
3,s3fd,191,12.5445
3,s3fd,192,12.8931
3,s3fd,193,12.4207
3,s3fd,194,12.8453
3,s3fd,195,12.4287
3,s3fd,196,12.9483
3,s3fd,197,12.6179
3,s3fd,198,11.9411
3,s3fd,199,5.3625
4,s3fd,200,5.56063
4,s3fd,201,4.99323
4,s3fd,202,6.24486
4,s3fd,203,5.39543
4,s3fd,204,11.9259
4,s3fd,205,14.2949
4,s3fd,206,13.145
4,s3fd,207,12.2257
4,s3fd,208,12.8041
4,s3fd,209,12.7289
4,s3fd,210,14.884
4,s3fd,211,12.6018
4,s3fd,212,12.6261
4,s3fd,213,12.6422
4,s3fd,214,12.5268
4,s3fd,215,13.1214
4,s3fd,216,12.1921
4,s3fd,217,12.6859
4,s3fd,218,12.5632
4,s3fd,219,12.635
4,s3fd,220,12.5571
4,s3fd,221,12.7839
4,s3fd,222,12.8184
4,s3fd,223,11.7947
4,s3fd,224,10.9198
4,s3fd,225,6.57961
4,s3fd,226,14.7024
4,s3fd,227,12.7221
4,s3fd,228,12.9526
4,s3fd,229,12.5017
4,s3fd,230,12.713
4,s3fd,231,12.4344
4,s3fd,232,12.6559
4,s3fd,233,12.8679
4,s3fd,234,12.4381
4,s3fd,235,12.6235
4,s3fd,236,12.8776
4,s3fd,237,5.65036
4,s3fd,238,5.22546
4,s3fd,239,5.11657
4,s3fd,240,5.39718
4,s3fd,241,5.29158
4,s3fd,242,6.41161
4,s3fd,243,13.4606
4,s3fd,244,12.4175
4,s3fd,245,12.6035
4,s3fd,246,12.8565
4,s3fd,247,13.2991
4,s3fd,248,12.3012
4,s3fd,249,12.5406
4,scrfd,200,3.01384
4,scrfd,201,3.23323
4,scrfd,202,5.3086
4,scrfd,203,3.04788
4,scrfd,204,3.1922
4,scrfd,205,3.01025
4,scrfd,206,3.27124
4,scrfd,207,3.00851
4,scrfd,208,3.06728
4,scrfd,209,3.05998
4,scrfd,210,3.16303
4,scrfd,211,3.22499
4,scrfd,212,3.05679
4,scrfd,213,3.08508
4,scrfd,214,3.11414
4,scrfd,215,3.33476
4,scrfd,216,3.10862
4,scrfd,217,5.52696
4,scrfd,218,3.06504
4,scrfd,219,3.04333
4,scrfd,220,3.12496
4,scrfd,221,3.22593
4,scrfd,222,3.14193
4,scrfd,223,2.97226
4,scrfd,224,3.10494
4,scrfd,225,3.27316
4,scrfd,226,3.10248
4,scrfd,227,5.53784
4,scrfd,228,3.04784
4,scrfd,229,3.10289
4,scrfd,230,3.15865
4,scrfd,231,3.39089
4,scrfd,232,4.91899
4,scrfd,233,3.03823
4,scrfd,234,3.21059
4,scrfd,235,2.97694
4,scrfd,236,3.51773
4,scrfd,237,2.9436
4,scrfd,238,3.08815
4,scrfd,239,3.03253
4,scrfd,240,3.12527
4,scrfd,241,3.27172
4,scrfd,242,3.05886
4,scrfd,243,3.00703
4,scrfd,244,3.10019
4,scrfd,245,3.40949
4,scrfd,246,2.99368
4,scrfd,247,3.68248
4,scrfd,248,4.30026
4,scrfd,249,3.13323
5,scrfd,250,3.10084
5,scrfd,251,3.24549
5,scrfd,252,5.34352
5,scrfd,253,3.04513
5,scrfd,254,3.11198
5,scrfd,255,3.05606
5,scrfd,256,3.65382
5,scrfd,257,4.82621
5,scrfd,258,3.02692
5,scrfd,259,3.34766
5,scrfd,260,3.14097
5,scrfd,261,5.39356
5,scrfd,262,3.08745
5,scrfd,263,3.15827
5,scrfd,264,5.54891
5,scrfd,265,4.99522
5,scrfd,266,3.05491
5,scrfd,267,3.07738
5,scrfd,268,3.09227
5,scrfd,269,3.2869
5,scrfd,270,2.95616
5,scrfd,271,3.07463
5,scrfd,272,3.08393
5,scrfd,273,3.20899
5,scrfd,274,3.18417
5,scrfd,275,5.31821
5,scrfd,276,3.15918
5,scrfd,277,3.45275
5,scrfd,278,5.01949
5,scrfd,279,5.42234
5,scrfd,280,2.99314
5,scrfd,281,3.34017
5,scrfd,282,2.78976
5,scrfd,283,3.36522
5,scrfd,284,3.28913
5,scrfd,285,1.80716
5,scrfd,286,1.89077
5,scrfd,287,1.71827
5,scrfd,288,2.24629
5,scrfd,289,1.897
5,scrfd,290,1.60844
5,scrfd,291,2.8989
5,scrfd,292,4.71195
5,scrfd,293,3.06566
5,scrfd,294,3.16513
5,scrfd,295,3.11124
5,scrfd,296,5.42018
5,scrfd,297,3.03729
5,scrfd,298,3.18696
5,scrfd,299,5.36899
5,s3fd,250,12.6314
5,s3fd,251,12.7672
5,s3fd,252,12.8329
5,s3fd,253,13.1109
5,s3fd,254,14.6018
5,s3fd,255,12.5877
5,s3fd,256,12.5188
5,s3fd,257,12.7072
5,s3fd,258,12.5701
5,s3fd,259,12.6439
5,s3fd,260,12.7507
5,s3fd,261,12.8198
5,s3fd,262,12.8858
5,s3fd,263,12.4126
5,s3fd,264,12.6727
5,s3fd,265,12.8587
5,s3fd,266,13.1518
5,s3fd,267,11.2615
5,s3fd,268,7.43525
5,s3fd,269,8.07792
5,s3fd,270,14.6104
5,s3fd,271,12.8071
5,s3fd,272,13.1133
5,s3fd,273,12.4315
5,s3fd,274,12.7336
5,s3fd,275,14.7957
5,s3fd,276,12.9462
5,s3fd,277,13.3689
5,s3fd,278,12.2059
5,s3fd,279,12.6109
5,s3fd,280,8.02857
5,s3fd,281,5.64586
5,s3fd,282,4.69537
5,s3fd,283,5.26211
5,s3fd,284,5.8589
5,s3fd,285,4.95096
5,s3fd,286,5.92868
5,s3fd,287,14.2953
5,s3fd,288,12.6711
5,s3fd,289,12.6445
5,s3fd,290,12.9437
5,s3fd,291,12.4456
5,s3fd,292,12.6139
5,s3fd,293,12.492
5,s3fd,294,12.9936
5,s3fd,295,12.2486
5,s3fd,296,12.6794
5,s3fd,297,12.8999
5,s3fd,298,12.9426
5,s3fd,299,13.164
6,s3fd,300,11.9918
6,s3fd,301,12.697
6,s3fd,302,12.8281
6,s3fd,303,13.0509
6,s3fd,304,12.5374
6,s3fd,305,12.7373
6,s3fd,306,10.858
6,s3fd,307,11.3357
6,s3fd,308,12.5343
6,s3fd,309,12.7148
6,s3fd,310,12.7458
6,s3fd,311,12.7532
6,s3fd,312,14.7879
6,s3fd,313,12.777
6,s3fd,314,12.7976
6,s3fd,315,12.6171
6,s3fd,316,12.5666
6,s3fd,317,12.6863
6,s3fd,318,5.91836
6,s3fd,319,5.34451
6,s3fd,320,5.19835
6,s3fd,321,6.45227
6,s3fd,322,5.61609
6,s3fd,323,5.0336
6,s3fd,324,13.5812
6,s3fd,325,12.7742
6,s3fd,326,13.4686
6,s3fd,327,11.9287
6,s3fd,328,12.7757
6,s3fd,329,12.8162
6,s3fd,330,13.0448
6,s3fd,331,12.2571
6,s3fd,332,12.6439
6,s3fd,333,12.6537
6,s3fd,334,12.6601
6,s3fd,335,12.551
6,s3fd,336,12.6304
6,s3fd,337,12.689
6,s3fd,338,12.732
6,s3fd,339,12.568
6,s3fd,340,12.6369
6,s3fd,341,12.6089
6,s3fd,342,12.8232
6,s3fd,343,12.6616
6,s3fd,344,11.3567
6,s3fd,345,7.41446
6,s3fd,346,14.9278
6,s3fd,347,14.5448
6,s3fd,348,12.6725
6,s3fd,349,12.6711
6,scrfd,300,2.9457
6,scrfd,301,3.33679
6,scrfd,302,3.11419
6,scrfd,303,5.24571
6,scrfd,304,3.06264
6,scrfd,305,3.05698
6,scrfd,306,3.09691
6,scrfd,307,3.26028
6,scrfd,308,3.0018
6,scrfd,309,3.02824
6,scrfd,310,3.09389
6,scrfd,311,3.40631
6,scrfd,312,3.07824
6,scrfd,313,5.28991
6,scrfd,314,3.05317
6,scrfd,315,3.09124
6,scrfd,316,3.08432
6,scrfd,317,3.2749
6,scrfd,318,2.96701
6,scrfd,319,3.07133
6,scrfd,320,3.05231
6,scrfd,321,3.27345
6,scrfd,322,3.23149
6,scrfd,323,5.29884
6,scrfd,324,2.4151
6,scrfd,325,1.93905
6,scrfd,326,1.95665
6,scrfd,327,2.66474
6,scrfd,328,1.88797
6,scrfd,329,3.61158
6,scrfd,330,2.33633
6,scrfd,331,1.88302
6,scrfd,332,3.04778
6,scrfd,333,3.19215
6,scrfd,334,3.19896
6,scrfd,335,5.29086
6,scrfd,336,3.11162
6,scrfd,337,3.10985
6,scrfd,338,3.11781
6,scrfd,339,3.26622
6,scrfd,340,5.04918
6,scrfd,341,3.04505
6,scrfd,342,3.38766
6,scrfd,343,5.52211
6,scrfd,344,5.06297
6,scrfd,345,3.08049
6,scrfd,346,3.34694
6,scrfd,347,3.09563
6,scrfd,348,5.41731
6,scrfd,349,3.06334
7,scrfd,350,3.06974
7,scrfd,351,3.06775
7,scrfd,352,3.35631
7,scrfd,353,3.00326
7,scrfd,354,3.04365
7,scrfd,355,3.07393
7,scrfd,356,3.10907
7,scrfd,357,3.19636
7,scrfd,358,5.2923
7,scrfd,359,3.06249
7,scrfd,360,3.08688
7,scrfd,361,3.12022
7,scrfd,362,3.3004
7,scrfd,363,2.95553
7,scrfd,364,3.01259
7,scrfd,365,3.08498
7,scrfd,366,3.33783
7,scrfd,367,3.20725
7,scrfd,368,3.14892
7,scrfd,369,3.04998
7,scrfd,370,3.07802
7,scrfd,371,3.34927
7,scrfd,372,3.08647
7,scrfd,373,3.29927
7,scrfd,374,2.97426
7,scrfd,375,3.093
7,scrfd,376,3.16619
7,scrfd,377,3.02181
7,scrfd,378,3.2608
7,scrfd,379,2.95858
7,scrfd,380,3.04477
7,scrfd,381,3.08941
7,scrfd,382,3.14988
7,scrfd,383,3.24707
7,scrfd,384,3.10331
7,scrfd,385,3.06629
7,scrfd,386,3.08807
7,scrfd,387,3.37134
7,scrfd,388,3.03378
7,scrfd,389,3.46176
7,scrfd,390,2.88848
7,scrfd,391,3.04199
7,scrfd,392,3.18878
7,scrfd,393,3.03398
7,scrfd,394,3.41026
7,scrfd,395,2.92399
7,scrfd,396,3.09255
7,scrfd,397,3.0681
7,scrfd,398,3.14607
7,scrfd,399,3.22835
7,s3fd,350,12.6098
7,s3fd,351,6.55764
7,s3fd,352,11.7997
7,s3fd,353,12.6621
7,s3fd,354,12.7447
7,s3fd,355,12.8973
7,s3fd,356,12.5909
7,s3fd,357,12.6201
7,s3fd,358,12.6436
7,s3fd,359,12.6812
7,s3fd,360,12.6898
7,s3fd,361,12.6662
7,s3fd,362,12.6558
7,s3fd,363,7.95872
7,s3fd,364,4.71357
7,s3fd,365,5.119
7,s3fd,366,5.29443
7,s3fd,367,4.84401
7,s3fd,368,4.6463
7,s3fd,369,4.97744
7,s3fd,370,13.507
7,s3fd,371,12.7929
7,s3fd,372,13.1432
7,s3fd,373,12.2994
7,s3fd,374,12.7603
7,s3fd,375,12.7709
7,s3fd,376,13.1073
7,s3fd,377,14.3768
7,s3fd,378,12.4223
7,s3fd,379,12.6199
7,s3fd,380,12.9318
7,s3fd,381,12.969
7,s3fd,382,12.4284
7,s3fd,383,12.7361
7,s3fd,384,12.8074
7,s3fd,385,12.8234
7,s3fd,386,12.5744
7,s3fd,387,12.695
7,s3fd,388,12.7665
7,s3fd,389,12.1437
7,s3fd,390,11.2489
7,s3fd,391,5.8592
7,s3fd,392,12.3236
7,s3fd,393,12.7668
7,s3fd,394,14.7373
7,s3fd,395,12.7342
7,s3fd,396,13.6076
7,s3fd,397,11.7881
7,s3fd,398,12.8229
7,s3fd,399,12.7493
8,s3fd,400,13.0959
8,s3fd,401,12.5065
8,s3fd,402,12.6949
8,s3fd,403,6.41794
8,s3fd,404,6.37384
8,s3fd,405,4.7896
8,s3fd,406,5.48997
8,s3fd,407,6.1393
8,s3fd,408,13.2725
8,s3fd,409,12.5769
8,s3fd,410,12.6516
8,s3fd,411,12.5487
8,s3fd,412,12.7701
8,s3fd,413,12.7206
8,s3fd,414,12.4867
8,s3fd,415,12.7834
8,s3fd,416,12.7413
8,s3fd,417,12.9951
8,s3fd,418,12.3929
8,s3fd,419,12.6811
8,s3fd,420,12.8009
8,s3fd,421,12.8035
8,s3fd,422,12.6374
8,s3fd,423,12.7977
8,s3fd,424,12.6355
8,s3fd,425,12.6771
8,s3fd,426,12.6612
8,s3fd,427,11.7629
8,s3fd,428,9.12483
8,s3fd,429,12.9366
8,s3fd,430,12.573
8,s3fd,431,12.4557
8,s3fd,432,12.6853
8,s3fd,433,12.7397
8,s3fd,434,12.666
8,s3fd,435,12.7361
8,s3fd,436,12.9957
8,s3fd,437,13.2846
8,s3fd,438,12.0597
8,s3fd,439,9.91372
8,s3fd,440,5.03536
8,s3fd,441,6.04439
8,s3fd,442,6.46415
8,s3fd,443,5.92721
8,s3fd,444,6.12073
8,s3fd,445,13.166
8,s3fd,446,12.5084
8,s3fd,447,12.6989
8,s3fd,448,12.7746
8,s3fd,449,12.9057
8,scrfd,400,4.96772
8,scrfd,401,3.01872
8,scrfd,402,3.15986
8,scrfd,403,3.04374
8,scrfd,404,3.43488
8,scrfd,405,2.87652
8,scrfd,406,3.00505
8,scrfd,407,3.1315
8,scrfd,408,3.05391
8,scrfd,409,3.20746
8,scrfd,410,5.34708
8,scrfd,411,3.06664
8,scrfd,412,3.13576
8,scrfd,413,3.02863
8,scrfd,414,3.40347
8,scrfd,415,2.87649
8,scrfd,416,3.04393
8,scrfd,417,3.12755
8,scrfd,418,3.07916
8,scrfd,419,3.24258
8,scrfd,420,3.00946
8,scrfd,421,3.14588
8,scrfd,422,3.02779
8,scrfd,423,3.40934
8,scrfd,424,3.07229
8,scrfd,425,3.19418
8,scrfd,426,3.03799
8,scrfd,427,3.12427
8,scrfd,428,3.42381
8,scrfd,429,2.818
8,scrfd,430,3.23738
8,scrfd,431,2.99655
8,scrfd,432,3.04054
8,scrfd,433,3.08177
8,scrfd,434,3.10996
8,scrfd,435,3.68381
8,scrfd,436,4.92723
8,scrfd,437,3.06062
8,scrfd,438,3.21688
8,scrfd,439,2.94344
8,scrfd,440,3.44027
8,scrfd,441,4.90075
8,scrfd,442,3.06994
8,scrfd,443,3.30401
8,scrfd,444,3.09815
8,scrfd,445,3.18865
8,scrfd,446,3.10039
8,scrfd,447,3.13935
8,scrfd,448,3.2729
8,scrfd,449,2.90784
9,scrfd,450,3.3357
9,scrfd,451,5.08372
9,scrfd,452,3.00713
9,scrfd,453,3.3888
9,scrfd,454,3.01667
9,scrfd,455,2.86303
9,scrfd,456,3.72133
9,scrfd,457,2.98689
9,scrfd,458,1.69243
9,scrfd,459,2.11822
9,scrfd,460,1.92158
9,scrfd,461,2.76232
9,scrfd,462,4.58316
9,scrfd,463,3.03021
9,scrfd,464,3.18992
9,scrfd,465,2.98588
9,scrfd,0,3.44217
9,scrfd,1,4.90367
9,scrfd,2,3.07814
9,scrfd,3,3.36936
9,scrfd,4,3.08801
9,scrfd,5,3.23864
9,scrfd,6,2.96936
9,scrfd,7,3.06235
9,scrfd,8,3.11044
9,scrfd,9,3.05633
9,scrfd,10,3.50998
9,scrfd,11,4.95252
9,scrfd,12,3.06082
9,scrfd,13,3.34241
9,scrfd,14,3.13321
9,scrfd,15,5.3517
9,scrfd,16,3.01192
9,scrfd,17,3.10313
9,scrfd,18,3.18268
9,scrfd,19,3.19794
9,scrfd,20,5.16908
9,scrfd,21,3.07323
9,scrfd,22,3.2119
9,scrfd,23,3.08182
9,scrfd,24,3.3082
9,scrfd,25,5.28344
9,scrfd,26,3.11762
9,scrfd,27,3.09525
9,scrfd,28,3.28605
9,scrfd,29,3.13705
9,scrfd,30,2.94505
9,scrfd,31,3.05417
9,scrfd,32,3.35775
9,scrfd,33,3.12837
9,s3fd,450,7.22479
9,s3fd,451,4.64823
9,s3fd,452,6.41504
9,s3fd,453,5.1217
9,s3fd,454,4.66683
9,s3fd,455,5.00522
9,s3fd,456,5.14203
9,s3fd,457,13.8831
9,s3fd,458,12.2866
9,s3fd,459,12.7387
9,s3fd,460,12.7901
9,s3fd,461,13.6119
9,s3fd,462,12.003
9,s3fd,463,12.651
9,s3fd,464,12.7054
9,s3fd,465,12.6461
9,s3fd,0,12.5203
9,s3fd,1,12.6835
9,s3fd,2,12.6384
9,s3fd,3,12.6821
9,s3fd,4,12.6901
9,s3fd,5,12.8394
9,s3fd,6,12.3426
9,s3fd,7,12.9965
9,s3fd,8,12.5236
9,s3fd,9,12.7801
9,s3fd,10,11.3425
9,s3fd,11,9.16137
9,s3fd,12,12.6746
9,s3fd,13,12.8516
9,s3fd,14,12.7624
9,s3fd,15,13.2388
9,s3fd,16,12.3216
9,s3fd,17,12.5523
9,s3fd,18,12.8114
9,s3fd,19,13.1757
9,s3fd,20,12.5633
9,s3fd,21,12.6419
9,s3fd,22,9.56385
9,s3fd,23,4.6374
9,s3fd,24,5.87016
9,s3fd,25,5.34431
9,s3fd,26,4.76924
9,s3fd,27,5.481
9,s3fd,28,12.9827
9,s3fd,29,12.7571
9,s3fd,30,13.224
9,s3fd,31,12.2948
9,s3fd,32,12.7093
9,s3fd,33,12.7047
10,s3fd,34,12.9275
10,s3fd,35,12.3746
10,s3fd,36,12.6544
10,s3fd,37,12.7125
10,s3fd,38,12.6439
10,s3fd,39,12.5934
10,s3fd,40,12.6023
10,s3fd,41,12.5412
10,s3fd,42,12.7802
10,s3fd,43,12.7268
10,s3fd,44,12.6133
10,s3fd,45,12.5327
10,s3fd,46,12.846
10,s3fd,47,13.2943
10,s3fd,48,11.0881
10,s3fd,49,7.30138
10,s3fd,50,13.5607
10,s3fd,51,12.7792
10,s3fd,52,12.5955
10,s3fd,53,12.7947
10,s3fd,54,13.1836
10,s3fd,55,12.2198
10,s3fd,56,12.8082
10,s3fd,57,12.6888
10,s3fd,58,13.1209
10,s3fd,59,12.2762
10,s3fd,60,12.718
10,s3fd,61,5.32242
10,s3fd,62,4.67353
10,s3fd,63,4.94329
10,s3fd,64,5.38032
10,s3fd,65,5.15302
10,s3fd,66,5.21596
10,s3fd,67,5.48946
10,s3fd,68,12.8915
10,s3fd,69,12.7308
10,s3fd,70,12.9088
10,s3fd,71,12.4167
10,s3fd,72,12.7284
10,s3fd,73,12.6698
10,s3fd,74,12.8624
10,s3fd,75,12.3939
10,s3fd,76,12.7466
10,s3fd,77,12.5762
10,s3fd,78,12.6446
10,s3fd,79,12.5394
10,s3fd,80,12.9627
10,s3fd,81,12.3704
10,s3fd,82,12.6822
10,s3fd,83,12.6863
10,scrfd,34,3.01921
10,scrfd,35,3.16593
10,scrfd,36,3.04494
10,scrfd,37,3.15997
10,scrfd,38,3.02845
10,scrfd,39,3.422
10,scrfd,40,2.90365
10,scrfd,41,3.04026
10,scrfd,42,3.08758
10,scrfd,43,3.15986
10,scrfd,44,3.5467
10,scrfd,45,5.01579
10,scrfd,46,3.05904
10,scrfd,47,3.10331
10,scrfd,48,2.16394
10,scrfd,49,2.32324
10,scrfd,50,5.31632
10,scrfd,51,3.06439
10,scrfd,52,3.07246
10,scrfd,53,3.06433
10,scrfd,54,3.30067
10,scrfd,55,5.2125
10,scrfd,56,3.0689
10,scrfd,57,3.2548
10,scrfd,58,3.08671
10,scrfd,59,5.55988
10,scrfd,60,2.87001
10,scrfd,61,3.11263
10,scrfd,62,3.07897
10,scrfd,63,3.34264
10,scrfd,64,5.25705
10,scrfd,65,3.06422
10,scrfd,66,3.23406
10,scrfd,67,2.90248
10,scrfd,68,3.26453
10,scrfd,69,2.98846
10,scrfd,70,3.05754
10,scrfd,71,3.08666
10,scrfd,72,3.05724
10,scrfd,73,3.27542
10,scrfd,74,5.27939
10,scrfd,75,3.11052
10,scrfd,76,3.0929
10,scrfd,77,3.04661
10,scrfd,78,3.5198
10,scrfd,79,4.86595
10,scrfd,80,3.03384
10,scrfd,81,3.36338
10,scrfd,82,3.03348
10,scrfd,83,3.44055
11,scrfd,84,2.74672
11,scrfd,85,3.05417
11,scrfd,86,3.19225
11,scrfd,87,3.0074
11,scrfd,88,2.43012
11,scrfd,89,4.04122
11,scrfd,90,2.00953
11,scrfd,91,1.60037
11,scrfd,92,1.77293
11,scrfd,93,1.58259
11,scrfd,94,2.64048
11,scrfd,95,2.09127
11,scrfd,96,3.63549
11,scrfd,97,2.86416
11,scrfd,98,3.07084
11,scrfd,99,5.35063
11,scrfd,100,3.33055
11,scrfd,101,2.95364
11,scrfd,102,3.0568
11,scrfd,103,3.17217
11,scrfd,104,3.15984
11,scrfd,105,3.15196
11,scrfd,106,5.28498
11,scrfd,107,3.05988
11,scrfd,108,3.1603
11,scrfd,109,2.93039
11,scrfd,110,3.36954
11,scrfd,111,2.95542
11,scrfd,112,3.0455
11,scrfd,113,3.09592
11,scrfd,114,3.33793
11,scrfd,115,3.09337
11,scrfd,116,3.07801
11,scrfd,117,3.0534
11,scrfd,118,3.03869
11,scrfd,119,3.36818
11,scrfd,120,3.08054
11,scrfd,121,3.39061
11,scrfd,122,2.89115
11,scrfd,123,3.03803
11,scrfd,124,3.191
11,scrfd,125,2.97725
11,scrfd,126,3.33671
11,scrfd,127,5.15216
11,scrfd,128,3.07328
11,scrfd,129,3.32596
11,scrfd,130,3.15524
11,scrfd,131,3.38312
11,scrfd,132,2.80257
11,scrfd,133,3.05188
11,s3fd,84,13.0208
11,s3fd,85,13.1125
11,s3fd,86,12.2874
11,s3fd,87,12.5586
11,s3fd,88,12.9437
11,s3fd,89,13.2004
11,s3fd,90,12.3763
11,s3fd,91,12.702
11,s3fd,92,12.6799
11,s3fd,93,11.5375
11,s3fd,94,11.3148
11,s3fd,95,5.69935
11,s3fd,96,15.4753
11,s3fd,97,14.4323
11,s3fd,98,12.8991
11,s3fd,99,12.4705
11,s3fd,100,12.7225
11,s3fd,101,12.6331
11,s3fd,102,12.7724
11,s3fd,103,12.4937
11,s3fd,104,12.897
11,s3fd,105,12.6848
11,s3fd,106,12.4797
11,s3fd,107,5.33734
11,s3fd,108,5.95714
11,s3fd,109,5.34553
11,s3fd,110,5.03836
11,s3fd,111,6.59465
11,s3fd,112,13.4033
11,s3fd,113,13.1502
11,s3fd,114,12.3204
11,s3fd,115,12.8554
11,s3fd,116,12.6894
11,s3fd,117,13.2477
11,s3fd,118,12.342
11,s3fd,119,12.7141
11,s3fd,120,12.5149
11,s3fd,121,12.708
11,s3fd,122,12.6843
11,s3fd,123,12.6107
11,s3fd,124,12.6928
11,s3fd,125,12.7422
11,s3fd,126,12.7899
11,s3fd,127,12.6117
11,s3fd,128,12.5799
11,s3fd,129,12.8859
11,s3fd,130,12.9341
11,s3fd,131,11.2012
11,s3fd,132,13.2196
11,s3fd,133,12.7686
12,s3fd,134,12.7085
12,s3fd,135,12.6036
12,s3fd,136,12.6528
12,s3fd,137,12.7849
12,s3fd,138,12.896
12,s3fd,139,12.5235
12,s3fd,140,12.7032
12,s3fd,141,12.6857
12,s3fd,142,12.9604
12,s3fd,143,7.15423
12,s3fd,144,5.07449
12,s3fd,145,5.11998
12,s3fd,146,4.78949
12,s3fd,147,5.77146
12,s3fd,148,4.58698
12,s3fd,149,5.64726
12,s3fd,150,13.1553
12,s3fd,151,12.5911
12,s3fd,152,12.7478
12,s3fd,153,12.5947
12,s3fd,154,12.9793
12,s3fd,155,12.8812
12,s3fd,156,12.4915
12,s3fd,157,12.7788
12,s3fd,158,12.6861
12,s3fd,159,13.263
12,s3fd,160,12.1348
12,s3fd,161,12.6466
12,s3fd,162,12.9308
12,s3fd,163,12.7252
12,s3fd,164,12.6658
12,s3fd,165,12.7835
12,s3fd,166,12.7352
12,s3fd,167,12.6169
12,s3fd,168,12.5738
12,s3fd,169,12.6335
12,s3fd,170,6.27475
12,s3fd,171,9.4892
12,s3fd,172,7.77338
12,s3fd,173,13.5963
12,s3fd,174,12.765
12,s3fd,175,12.631
12,s3fd,176,12.7124
12,s3fd,177,12.6821
12,s3fd,178,12.636
12,s3fd,179,12.5402
12,s3fd,180,12.7323
12,s3fd,181,12.6095
12,s3fd,182,12.6234
12,s3fd,183,12.7787
12,scrfd,134,2.39484
12,scrfd,135,2.69872
12,scrfd,136,2.05528
12,scrfd,137,2.93014
12,scrfd,138,1.86448
12,scrfd,139,2.07425
12,scrfd,140,1.59944
12,scrfd,141,1.54873
12,scrfd,142,1.56538
12,scrfd,143,3.11291
12,scrfd,144,3.49495
12,scrfd,145,5.01978
12,scrfd,146,5.26584
12,scrfd,147,3.05016
12,scrfd,148,3.26347
12,scrfd,149,5.21282
12,scrfd,150,3.05796
12,scrfd,151,3.38011
12,scrfd,152,3.09612
12,scrfd,153,3.33917
12,scrfd,154,2.98293
12,scrfd,155,2.97196
12,scrfd,156,3.21887
12,scrfd,157,2.967
12,scrfd,158,3.21249
12,scrfd,159,2.96715
12,scrfd,160,3.07417
12,scrfd,161,3.04224
12,scrfd,162,3.1007
12,scrfd,163,3.22078
12,scrfd,164,5.34131
12,scrfd,165,3.056
12,scrfd,166,3.14054
12,scrfd,167,3.0281
12,scrfd,168,3.3014
12,scrfd,169,3.03626
12,scrfd,170,3.01739
12,scrfd,171,3.05212
12,scrfd,172,3.11096
12,scrfd,173,3.31634
12,scrfd,174,3.00296
12,scrfd,175,3.02735
12,scrfd,176,3.11597
12,scrfd,177,3.22518
12,scrfd,178,3.02693
12,scrfd,179,3.25353
12,scrfd,180,3.01116
12,scrfd,181,3.08891
12,scrfd,182,3.1085
12,scrfd,183,3.09366
13,scrfd,184,3.28943
13,scrfd,185,2.93891
13,scrfd,186,3.07983
13,scrfd,187,3.11417
13,scrfd,188,3.30097
13,scrfd,189,3.21591
13,scrfd,190,3.01779
13,scrfd,191,3.08704
13,scrfd,192,3.10252
13,scrfd,193,3.33525
13,scrfd,194,3.06638
13,scrfd,195,3.18743
13,scrfd,196,3.03709
13,scrfd,197,3.11298
13,scrfd,198,3.31755
13,scrfd,199,2.90072
13,scrfd,200,3.25715
13,scrfd,201,2.96511
13,scrfd,202,3.08521
13,scrfd,203,3.12744
13,scrfd,204,3.14657
13,scrfd,205,3.24095
13,scrfd,206,2.99761
13,scrfd,207,3.09651
13,scrfd,208,3.14243
13,scrfd,209,3.41235
13,scrfd,210,3.01369
13,scrfd,211,3.28155
13,scrfd,212,3.00504
13,scrfd,213,3.09912
13,scrfd,214,3.06309
13,scrfd,215,3.05787
13,scrfd,216,3.37995
13,scrfd,217,2.8516
13,scrfd,218,1.69936
13,scrfd,219,1.66037
13,scrfd,220,3.38661
13,scrfd,221,3.06607
13,scrfd,222,3.24606
13,scrfd,223,5.333
13,scrfd,224,2.99923
13,scrfd,225,3.2082
13,scrfd,226,2.9889
13,scrfd,227,3.33626
13,scrfd,228,2.90306
13,scrfd,229,3.00048
13,scrfd,230,3.09721
13,scrfd,231,3.12535
13,scrfd,232,3.28487
13,scrfd,233,5.229
13,s3fd,184,13.1786
13,s3fd,185,12.1653
13,s3fd,186,12.707
13,s3fd,187,12.65
13,s3fd,188,12.9686
13,s3fd,189,12.3251
13,s3fd,190,13.0214
13,s3fd,191,6.58438
13,s3fd,192,5.41816
13,s3fd,193,4.79826
13,s3fd,194,6.69128
13,s3fd,195,5.2081
13,s3fd,196,9.05401
13,s3fd,197,12.8462
13,s3fd,198,12.3235
13,s3fd,199,12.6672
13,s3fd,200,12.643
13,s3fd,201,12.7044
13,s3fd,202,12.7798
13,s3fd,203,12.8363
13,s3fd,204,13.098
13,s3fd,205,12.3353
13,s3fd,206,12.7621
13,s3fd,207,12.8407
13,s3fd,208,12.8803
13,s3fd,209,12.5244
13,s3fd,210,12.742
13,s3fd,211,12.7408
13,s3fd,212,12.7329
13,s3fd,213,12.5808
13,s3fd,214,12.563
13,s3fd,215,12.6646
13,s3fd,216,10.8222
13,s3fd,217,12.521
13,s3fd,218,5.67528
13,s3fd,219,12.2337
13,s3fd,220,12.5761
13,s3fd,221,12.7872
13,s3fd,222,12.6541
13,s3fd,223,12.6832
13,s3fd,224,12.7712
13,s3fd,225,12.3732
13,s3fd,226,12.7236
13,s3fd,227,12.621
13,s3fd,228,12.7639
13,s3fd,229,12.7231
13,s3fd,230,7.76014
13,s3fd,231,5.3726
13,s3fd,232,4.95602
13,s3fd,233,5.30737
14,s3fd,234,4.9303
14,s3fd,235,4.72098
14,s3fd,236,5.54414
14,s3fd,237,12.7833
14,s3fd,238,12.807
14,s3fd,239,12.9082
14,s3fd,240,12.6936
14,s3fd,241,12.6947
14,s3fd,242,12.6888
14,s3fd,243,12.5394
14,s3fd,244,12.6412
14,s3fd,245,12.5804
14,s3fd,246,12.6431
14,s3fd,247,12.6646
14,s3fd,248,12.5603
14,s3fd,249,12.713
14,s3fd,250,12.5676
14,s3fd,251,12.7821
14,s3fd,252,12.7297
14,s3fd,253,12.4279
14,s3fd,254,12.6985
14,s3fd,255,12.7575
14,s3fd,256,11.9069
14,s3fd,257,10.4404
14,s3fd,258,12.708
14,s3fd,259,12.9986
14,s3fd,260,12.3444
14,s3fd,261,12.6098
14,s3fd,262,12.7566
14,s3fd,263,12.9577
14,s3fd,264,12.5476
14,s3fd,265,12.8355
14,s3fd,266,12.7298
14,s3fd,267,12.9199
14,s3fd,268,10.1797
14,s3fd,269,4.89563
14,s3fd,270,5.11337
14,s3fd,271,5.70342
14,s3fd,272,5.04976
14,s3fd,273,5.02069
14,s3fd,274,9.04954
14,s3fd,275,12.7023
14,s3fd,276,12.5958
14,s3fd,277,12.822
14,s3fd,278,13.0096
14,s3fd,279,12.2519
14,s3fd,280,12.7143
14,s3fd,281,12.8047
14,s3fd,282,12.9802
14,s3fd,283,12.4534
14,scrfd,234,3.50685
14,scrfd,235,2.71857
14,scrfd,236,3.08469
14,scrfd,237,3.0788
14,scrfd,238,3.32854
14,scrfd,239,3.08818
14,scrfd,240,3.1918
14,scrfd,241,3.06262
14,scrfd,242,3.09812
14,scrfd,243,3.26623
14,scrfd,244,2.88843
14,scrfd,245,3.42109
14,scrfd,246,2.87607
14,scrfd,247,3.0234
14,scrfd,248,3.08814
14,scrfd,249,3.13083
14,scrfd,250,3.23883
14,scrfd,251,3.08928
14,scrfd,252,3.0599
14,scrfd,253,3.14489
14,scrfd,254,3.49334
14,scrfd,255,2.97551
14,scrfd,256,5.41549
14,scrfd,257,3.07682
14,scrfd,258,3.04569
14,scrfd,259,3.06287
14,scrfd,260,3.38877
14,scrfd,261,2.88183
14,scrfd,262,3.06171
14,scrfd,263,3.06339
14,scrfd,264,3.21257
14,scrfd,265,3.37949
14,scrfd,266,5.08479
14,scrfd,267,3.03127
14,scrfd,268,3.11408
14,scrfd,269,3.15319
14,scrfd,270,3.60931
14,scrfd,271,2.67877
14,scrfd,272,3.09986
14,scrfd,273,3.0394
14,scrfd,274,2.55421
14,scrfd,275,4.53772
14,scrfd,276,3.0144
14,scrfd,277,1.60993
14,scrfd,278,1.61729
14,scrfd,279,1.89992
14,scrfd,280,1.72658
14,scrfd,281,2.0318
14,scrfd,282,1.76682
14,scrfd,283,4.55738
15,scrfd,284,2.88629
15,scrfd,285,3.07422
15,scrfd,286,3.08806
15,scrfd,287,3.06995
15,scrfd,288,3.31188
15,scrfd,289,2.9338
15,scrfd,290,3.07118
15,scrfd,291,3.15327
15,scrfd,292,3.34325
15,scrfd,293,3.02308
15,scrfd,294,3.26059
15,scrfd,295,3.14373
15,scrfd,296,2.95184
15,scrfd,297,5.35579
15,scrfd,298,3.49482
15,scrfd,299,4.86436
15,scrfd,300,3.06119
15,scrfd,301,3.35106
15,scrfd,302,3.14982
15,scrfd,303,3.40449
15,scrfd,304,2.71142
15,scrfd,305,3.08489
15,scrfd,306,3.06297
15,scrfd,307,3.06461
15,scrfd,308,3.51721
15,scrfd,309,4.98675
15,scrfd,310,3.09522
15,scrfd,311,3.37345
15,scrfd,312,3.09694
15,scrfd,313,3.22982
15,scrfd,314,3.04981
15,scrfd,315,3.08495
15,scrfd,316,3.19691
15,scrfd,317,3.0172
15,scrfd,318,3.21245
15,scrfd,319,2.98908
15,scrfd,320,3.11723
15,scrfd,321,3.07228
15,scrfd,322,3.10613
15,scrfd,323,3.45439
15,scrfd,324,3.20267
15,scrfd,325,1.91711
15,scrfd,326,2.1445
15,scrfd,327,1.79096
15,scrfd,328,1.74555
15,scrfd,329,2.86433
15,scrfd,330,5.06269
15,scrfd,331,2.99178
15,scrfd,332,3.06277
15,scrfd,333,3.0897
15,s3fd,284,12.7673
15,s3fd,285,12.6507
15,s3fd,286,12.8214
15,s3fd,287,12.4963
15,s3fd,288,12.6354
15,s3fd,289,12.8735
15,s3fd,290,13.1915
15,s3fd,291,12.3645
15,s3fd,292,12.6997
15,s3fd,293,12.7796
15,s3fd,294,12.923
15,s3fd,295,12.4812
15,s3fd,296,12.5112
15,s3fd,297,12.7701
15,s3fd,298,12.6062
15,s3fd,299,12.6672
15,s3fd,300,12.8229
15,s3fd,301,14.9321
15,s3fd,302,9.69648
15,s3fd,303,12.2499
15,s3fd,304,12.575
15,s3fd,305,12.6088
15,s3fd,306,13.0877
15,s3fd,307,12.2502
15,s3fd,308,12.6442
15,s3fd,309,12.7073
15,s3fd,310,13.0089
15,s3fd,311,12.2764
15,s3fd,312,12.8417
15,s3fd,313,12.572
15,s3fd,314,8.17631
15,s3fd,315,4.82602
15,s3fd,316,5.14146
15,s3fd,317,5.279
15,s3fd,318,4.7488
15,s3fd,319,4.94497
15,s3fd,320,5.7321
15,s3fd,321,11.7381
15,s3fd,322,12.8195
15,s3fd,323,13.0401
15,s3fd,324,12.3767
15,s3fd,325,12.6145
15,s3fd,326,12.842
15,s3fd,327,13.2126
15,s3fd,328,12.412
15,s3fd,329,12.6509
15,s3fd,330,12.7073
15,s3fd,331,12.6909
15,s3fd,332,12.611
15,s3fd,333,12.5709
16,s3fd,334,12.6554
16,s3fd,335,12.8771
16,s3fd,336,12.4746
16,s3fd,337,12.8544
16,s3fd,338,12.3989
16,s3fd,339,13.0211
16,s3fd,340,13.1923
16,s3fd,341,10.8275
16,s3fd,342,8.73361
16,s3fd,343,7.54383
16,s3fd,344,12.7825
16,s3fd,345,12.7132
16,s3fd,346,12.7286
16,s3fd,347,12.6755
16,s3fd,348,12.6136
16,s3fd,349,12.7413
16,s3fd,350,12.7089
16,s3fd,351,12.558
16,s3fd,352,12.7318
16,s3fd,353,12.8754
16,s3fd,354,12.8056
16,s3fd,355,5.37007
16,s3fd,356,4.60809
16,s3fd,357,6.05239
16,s3fd,358,5.31522
16,s3fd,359,5.37161
16,s3fd,360,5.12347
16,s3fd,361,5.06595
16,s3fd,362,11.4985
16,s3fd,363,12.5858
16,s3fd,364,12.4923
16,s3fd,365,12.8567
16,s3fd,366,12.6446
16,s3fd,367,12.6149
16,s3fd,368,12.6014
16,s3fd,369,12.7934
16,s3fd,370,13.2855
16,s3fd,371,12.2168
16,s3fd,372,12.7109
16,s3fd,373,12.8229
16,s3fd,374,12.6832
16,s3fd,375,12.718
16,s3fd,376,12.7154
16,s3fd,377,12.6939
16,s3fd,378,12.7912
16,s3fd,379,12.5142
16,s3fd,380,12.7317
16,s3fd,381,12.6748
16,s3fd,382,9.83641
16,s3fd,383,12.5503
16,scrfd,334,3.00462
16,scrfd,335,3.21483
16,scrfd,336,2.99793
16,scrfd,337,3.06501
16,scrfd,338,3.71379
16,scrfd,339,5.0539
16,scrfd,340,2.82922
16,scrfd,341,3.07142
16,scrfd,342,3.10261
16,scrfd,343,3.22153
16,scrfd,344,3.09463
16,scrfd,345,3.26156
16,scrfd,346,3.02878
16,scrfd,347,3.04459
16,scrfd,348,3.31808
16,scrfd,349,2.99832
16,scrfd,350,3.17213
16,scrfd,351,5.36246
16,scrfd,352,3.00796
16,scrfd,353,3.07444
16,scrfd,354,3.22638
16,scrfd,355,3.08889
16,scrfd,356,3.09837
16,scrfd,357,3.19857
16,scrfd,358,3.19743
16,scrfd,359,3.04425
16,scrfd,360,3.25274
16,scrfd,361,3.13882
16,scrfd,362,2.86992
16,scrfd,363,3.11819
16,scrfd,364,3.03674
16,scrfd,365,3.19012
16,scrfd,366,3.32216
16,scrfd,367,2.80313
16,scrfd,368,3.05307
16,scrfd,369,3.14348
16,scrfd,370,3.20862
16,scrfd,371,3.41659
16,scrfd,372,1.83525
16,scrfd,373,1.83435
16,scrfd,374,1.85481
16,scrfd,375,1.58032
16,scrfd,376,2.0172
16,scrfd,377,1.67381
16,scrfd,378,1.53168
16,scrfd,379,3.19489
16,scrfd,380,4.13615
16,scrfd,381,3.06894
16,scrfd,382,3.42095
16,scrfd,383,3.08861
17,scrfd,384,3.24951
17,scrfd,385,5.23466
17,scrfd,386,3.04013
17,scrfd,387,3.16171
17,scrfd,388,3.17524
17,scrfd,389,5.45173
17,scrfd,390,2.94519
17,scrfd,391,3.21231
17,scrfd,392,3.13348
17,scrfd,393,3.27602
17,scrfd,394,3.00866
17,scrfd,395,3.02597
17,scrfd,396,3.05531
17,scrfd,397,3.10601
17,scrfd,398,3.50103
17,scrfd,399,4.83456
17,scrfd,400,3.09511
17,scrfd,401,3.19256
17,scrfd,402,3.01376
17,scrfd,403,3.58449
17,scrfd,404,2.69508
17,scrfd,405,3.04858
17,scrfd,406,3.11063
17,scrfd,407,3.08242
17,scrfd,408,3.37783
17,scrfd,409,5.11494
17,scrfd,410,3.0548
17,scrfd,411,3.32872
17,scrfd,412,3.06372
17,scrfd,413,3.38655
17,scrfd,414,2.89014
17,scrfd,415,3.0649
17,scrfd,416,3.13872
17,scrfd,417,3.17423
17,scrfd,418,3.17687
17,scrfd,419,3.15075
17,scrfd,420,3.06074
17,scrfd,421,3.05585
17,scrfd,422,3.1394
17,scrfd,423,3.21851
17,scrfd,424,5.12177
17,scrfd,425,3.07679
17,scrfd,426,3.08143
17,scrfd,427,3.11989
17,scrfd,428,3.59402
17,scrfd,429,4.89596
17,scrfd,430,3.01691
17,scrfd,431,3.33548
17,scrfd,432,3.08676
17,scrfd,433,3.37985
17,s3fd,384,12.7446
17,s3fd,385,13.1461
17,s3fd,386,12.4664
17,s3fd,387,12.769
17,s3fd,388,12.6246
17,s3fd,389,9.13964
17,s3fd,390,7.47214
17,s3fd,391,12.9053
17,s3fd,392,12.0663
17,s3fd,393,12.7425
17,s3fd,394,12.7514
17,s3fd,395,12.7449
17,s3fd,396,12.5453
17,s3fd,397,12.9193
17,s3fd,398,13.1258
17,s3fd,399,12.2308
17,s3fd,400,12.7145
17,s3fd,401,12.801
17,s3fd,402,8.56311
17,s3fd,403,4.89205
17,s3fd,404,5.11893
17,s3fd,405,5.73482
17,s3fd,406,5.11178
17,s3fd,407,5.71199
17,s3fd,408,13.4267
17,s3fd,409,12.569
17,s3fd,410,12.525
17,s3fd,411,12.643
17,s3fd,412,12.8373
17,s3fd,413,13.5761
17,s3fd,414,14.1419
17,s3fd,415,12.7172
17,s3fd,416,12.424
17,s3fd,417,12.7133
17,s3fd,418,12.7587
17,s3fd,419,12.5161
17,s3fd,420,12.5783
17,s3fd,421,12.954
17,s3fd,422,12.9348
17,s3fd,423,12.3908
17,s3fd,424,12.7847
17,s3fd,425,12.7074
17,s3fd,426,13.8646
17,s3fd,427,7.83819
17,s3fd,428,9.18239
17,s3fd,429,12.7872
17,s3fd,430,12.9525
17,s3fd,431,12.1498
17,s3fd,432,12.7349
17,s3fd,433,12.6649
18,s3fd,434,12.5204
18,s3fd,435,12.6514
18,s3fd,436,12.6518
18,s3fd,437,12.799
18,s3fd,438,12.9162
18,s3fd,439,9.79166
18,s3fd,440,4.54292
18,s3fd,441,5.46994
18,s3fd,442,5.32536
18,s3fd,443,4.83797
18,s3fd,444,5.13723
18,s3fd,445,4.86094
18,s3fd,446,13.2521
18,s3fd,447,12.6289
18,s3fd,448,12.7407
18,s3fd,449,12.862
18,s3fd,450,13.296
18,s3fd,451,12.1103
18,s3fd,452,12.729
18,s3fd,453,12.8274
18,s3fd,454,13.0883
18,s3fd,455,12.1908
18,s3fd,456,12.8055
18,s3fd,457,12.7235
18,s3fd,458,12.7008
18,s3fd,459,12.5307
18,s3fd,460,12.65
18,s3fd,461,12.6782
18,s3fd,462,12.5912
18,s3fd,463,12.5467
18,s3fd,464,12.9974
18,s3fd,465,12.191
18,s3fd,0,12.0134
18,s3fd,1,6.65527
18,s3fd,2,11.754
18,s3fd,3,13.0319
18,s3fd,4,12.3822
18,s3fd,5,12.7453
18,s3fd,6,13.0351
18,s3fd,7,12.9038
18,s3fd,8,12.3374
18,s3fd,9,12.6304
18,s3fd,10,12.7665
18,s3fd,11,12.8386
18,s3fd,12,12.7779
18,s3fd,13,7.59948
18,s3fd,14,4.7046
18,s3fd,15,5.58908
18,s3fd,16,5.21605
18,s3fd,17,4.65031
18,scrfd,434,2.14725
18,scrfd,435,2.13453
18,scrfd,436,1.77981
18,scrfd,437,3.43567
18,scrfd,438,3.06266
18,scrfd,439,3.00672
18,scrfd,440,3.56829
18,scrfd,441,5.53665
18,scrfd,442,4.74776
18,scrfd,443,2.94556
18,scrfd,444,3.04985
18,scrfd,445,3.123
18,scrfd,446,3.3319
18,scrfd,447,2.87298
18,scrfd,448,3.07784
18,scrfd,449,3.17836
18,scrfd,450,3.05001
18,scrfd,451,3.31615
18,scrfd,452,2.96222
18,scrfd,453,3.05767
18,scrfd,454,3.11045
18,scrfd,455,3.34823
18,scrfd,456,3.02583
18,scrfd,457,5.46757
18,scrfd,458,3.0152
18,scrfd,459,3.08986
18,scrfd,460,3.13282
18,scrfd,461,3.23052
18,scrfd,462,5.20381
18,scrfd,463,3.08713
18,scrfd,464,3.16287
18,scrfd,465,3.01788
18,scrfd,0,3.36362
18,scrfd,1,2.87047
18,scrfd,2,3.05725
18,scrfd,3,3.08988
18,scrfd,4,3.0936
18,scrfd,5,3.60766
18,scrfd,6,4.93981
18,scrfd,7,3.10027
18,scrfd,8,3.42298
18,scrfd,9,3.08025
18,scrfd,10,3.22858
18,scrfd,11,3.02861
18,scrfd,12,3.14075
18,scrfd,13,3.21811
18,scrfd,14,2.90781
18,scrfd,15,3.50898
18,scrfd,16,4.8522
18,scrfd,17,3.0267
19,scrfd,18,3.3864
19,scrfd,19,3.02933
19,scrfd,20,3.18602
19,scrfd,21,3.07346
19,scrfd,22,3.10178
19,scrfd,23,3.16328
19,scrfd,24,3.10764
19,scrfd,25,3.60995
19,scrfd,26,5.00254
19,scrfd,27,3.0559
19,scrfd,28,3.41615
19,scrfd,29,2.99233
19,scrfd,30,3.13966
19,scrfd,31,3.03385
19,scrfd,32,3.06184
19,scrfd,33,3.09177
19,scrfd,34,3.10205
19,scrfd,35,3.67536
19,scrfd,36,2.6172
19,scrfd,37,3.08772
19,scrfd,38,3.06974
19,scrfd,39,3.13038
19,scrfd,40,3.40573
19,scrfd,41,5.09418
19,scrfd,42,1.92492
19,scrfd,43,2.5393
19,scrfd,44,3.15022
19,scrfd,45,3.36289
19,scrfd,46,4.9977
19,scrfd,47,3.03047
19,scrfd,48,3.09818
19,scrfd,49,3.09818
19,scrfd,50,3.26036
19,scrfd,51,3.00895
19,scrfd,52,3.03272
19,scrfd,53,3.08544
19,scrfd,54,3.41452
19,scrfd,55,3.0411
19,scrfd,56,5.49616
19,scrfd,57,3.01089
19,scrfd,58,3.23283
19,scrfd,59,2.95334
19,scrfd,60,3.3915
19,scrfd,61,5.12737
19,scrfd,62,3.05301
19,scrfd,63,3.39248
19,scrfd,64,3.10447
19,scrfd,65,5.39767
19,scrfd,66,3.0169
19,scrfd,67,3.13711
19,s3fd,18,12.6876
19,s3fd,19,12.7273
19,s3fd,20,12.6651
19,s3fd,21,12.6029
19,s3fd,22,5.89967
19,s3fd,23,5.9291
19,s3fd,24,5.14876
19,s3fd,25,6.16753
19,s3fd,26,5.97652
19,s3fd,27,13.5227
19,s3fd,28,12.951
19,s3fd,29,12.3196
19,s3fd,30,12.6037
19,s3fd,31,12.7611
19,s3fd,32,13.3371
19,s3fd,33,12.125
19,s3fd,34,12.6814
19,s3fd,35,12.8318
19,s3fd,36,12.7817
19,s3fd,37,12.671
19,s3fd,38,12.7172
19,s3fd,39,12.74
19,s3fd,40,12.7171
19,s3fd,41,12.6302
19,s3fd,42,12.5615
19,s3fd,43,12.6956
19,s3fd,44,12.6283
19,s3fd,45,12.699
19,s3fd,46,12.4893
19,s3fd,47,10.751
19,s3fd,48,11.9053
19,s3fd,49,12.3253
19,s3fd,50,12.6297
19,s3fd,51,12.845
19,s3fd,52,13.3709
19,s3fd,53,11.9642
19,s3fd,54,12.9806
19,s3fd,55,12.4621
19,s3fd,56,12.7397
19,s3fd,57,12.6423
19,s3fd,58,12.9875
19,s3fd,59,11.3724
19,s3fd,60,4.66122
19,s3fd,61,5.7414
19,s3fd,62,6.31107
19,s3fd,63,4.6375
19,s3fd,64,4.86558
19,s3fd,65,5.19383
19,s3fd,66,14.4842
19,s3fd,67,14.1295
20,s3fd,68,12.7312
20,s3fd,69,12.6736
20,s3fd,70,12.7575
20,s3fd,71,13.1562
20,s3fd,72,12.2133
20,s3fd,73,12.6852
20,s3fd,74,12.8422
20,s3fd,75,12.9269
20,s3fd,76,12.5837
20,s3fd,77,12.635
20,s3fd,78,12.6641
20,s3fd,79,13.162
20,s3fd,80,12.2065
20,s3fd,81,12.6187
20,s3fd,82,12.8787
20,s3fd,83,12.6912
20,s3fd,84,12.7933
20,s3fd,85,9.07744
20,s3fd,86,11.6301
20,s3fd,87,12.669
20,s3fd,88,12.6752
20,s3fd,89,12.5056
20,s3fd,90,12.6654
20,s3fd,91,12.6653
20,s3fd,92,12.6372
20,s3fd,93,12.7149
20,s3fd,94,12.8241
20,s3fd,95,13.182
20,s3fd,96,12.4763
20,s3fd,97,7.70699
20,s3fd,98,4.59567
20,s3fd,99,5.3664
20,s3fd,100,4.68386
20,s3fd,101,4.98935
20,s3fd,102,5.47015
20,s3fd,103,5.07843
20,s3fd,104,13.2868
20,s3fd,105,12.7033
20,s3fd,106,12.6897
20,s3fd,107,12.6327
20,s3fd,108,12.7411
20,s3fd,109,12.546
20,s3fd,110,12.762
20,s3fd,111,12.7631
20,s3fd,112,12.619
20,s3fd,113,12.6313
20,s3fd,114,12.6583
20,s3fd,115,12.8717
20,s3fd,116,13.1203
20,s3fd,117,12.2766
20,scrfd,68,3.53949
20,scrfd,69,4.72048
20,scrfd,70,3.07699
20,scrfd,71,3.07219
20,scrfd,72,3.07708
20,scrfd,73,3.28516
20,scrfd,74,2.99435
20,scrfd,75,3.04569
20,scrfd,76,3.0494
20,scrfd,77,3.27564
20,scrfd,78,3.17706
20,scrfd,79,3.13314
20,scrfd,80,3.04191
20,scrfd,81,3.08709
20,scrfd,82,3.15244
20,scrfd,83,3.00421
20,scrfd,84,3.37728
20,scrfd,85,2.89823
20,scrfd,86,3.10175
20,scrfd,87,3.1519
20,scrfd,88,3.02081
20,scrfd,89,3.33255
20,scrfd,90,2.95898
20,scrfd,91,2.50298
20,scrfd,92,3.71048
20,scrfd,93,3.21387
20,scrfd,94,1.81978
20,scrfd,95,2.24387
20,scrfd,96,3.11656
20,scrfd,97,1.4704
20,scrfd,98,2.12786
20,scrfd,99,3.15369
20,scrfd,100,3.23303
20,scrfd,101,5.57138
20,scrfd,102,2.89161
20,scrfd,103,3.09238
20,scrfd,104,3.17774
20,scrfd,105,3.01275
20,scrfd,106,3.32438
20,scrfd,107,2.99401
20,scrfd,108,2.93825
20,scrfd,109,3.14931
20,scrfd,110,3.17057
20,scrfd,111,3.15342
20,scrfd,112,5.3075
20,scrfd,113,3.0524
20,scrfd,114,3.18879
20,scrfd,115,3.04172
20,scrfd,116,3.49216
20,scrfd,117,2.79274
21,scrfd,118,3.40867
21,scrfd,119,2.7307
21,scrfd,120,3.06279
21,scrfd,121,3.33792
21,scrfd,122,5.05152
21,scrfd,123,3.03979
21,scrfd,124,3.10967
21,scrfd,125,3.11405
21,scrfd,126,3.33736
21,scrfd,127,5.15436
21,scrfd,128,3.0339
21,scrfd,129,3.35192
21,scrfd,130,3.11683
21,scrfd,131,5.43454
21,scrfd,132,3.03567
21,scrfd,133,3.08064
21,scrfd,134,3.16001
21,scrfd,135,3.27282
21,scrfd,136,2.90502
21,scrfd,137,3.08236
21,scrfd,138,2.19939
21,scrfd,139,1.69385
21,scrfd,140,2.04071
21,scrfd,141,1.94722
21,scrfd,142,1.75092
21,scrfd,143,1.91331
21,scrfd,144,2.79311
21,scrfd,145,1.73865
21,scrfd,146,2.74087
21,scrfd,147,3.87148
21,scrfd,148,3.03971
21,scrfd,149,5.41614
21,scrfd,150,3.04606
21,scrfd,151,3.16872
21,scrfd,152,2.99617
21,scrfd,153,3.24762
21,scrfd,154,2.9945
21,scrfd,155,3.03633
21,scrfd,156,3.1386
21,scrfd,157,3.48509
21,scrfd,158,2.92331
21,scrfd,159,3.43559
21,scrfd,160,2.75973
21,scrfd,161,3.10121
21,scrfd,162,3.19078
21,scrfd,163,3.0161
21,scrfd,164,3.37271
21,scrfd,165,2.83576
21,scrfd,166,3.0627
21,scrfd,167,3.07572
21,s3fd,118,12.8163
21,s3fd,119,12.5668
21,s3fd,120,12.544
21,s3fd,121,12.6545
21,s3fd,122,12.5814
21,s3fd,123,12.6289
21,s3fd,124,12.7615
21,s3fd,125,12.5998
21,s3fd,126,12.5683
21,s3fd,127,12.8893
21,s3fd,128,12.6901
21,s3fd,129,12.7136
21,s3fd,130,12.6369
21,s3fd,131,12.8628
21,s3fd,132,7.92888
21,s3fd,133,12.469
21,s3fd,134,12.8246
21,s3fd,135,12.9476
21,s3fd,136,12.4171
21,s3fd,137,12.6416
21,s3fd,138,12.7473
21,s3fd,139,12.9339
21,s3fd,140,12.4632
21,s3fd,141,12.7693
21,s3fd,142,12.6104
21,s3fd,143,12.8636
21,s3fd,144,6.98618
21,s3fd,145,4.90528
21,s3fd,146,5.08285
21,s3fd,147,4.88332
21,s3fd,148,5.92912
21,s3fd,149,5.35138
21,s3fd,150,11.4763
21,s3fd,151,12.7176
21,s3fd,152,12.8253
21,s3fd,153,12.5929
21,s3fd,154,12.8515
21,s3fd,155,12.7139
21,s3fd,156,12.7442
21,s3fd,157,12.6132
21,s3fd,158,12.6392
21,s3fd,159,13.1117
21,s3fd,160,12.2598
21,s3fd,161,12.6737
21,s3fd,162,12.659
21,s3fd,163,12.6439
21,s3fd,164,12.6685
21,s3fd,165,12.8187
21,s3fd,166,13.0114
21,s3fd,167,12.388
22,s3fd,168,12.7412
22,s3fd,169,12.7289
22,s3fd,170,8.60696
22,s3fd,171,9.42219
22,s3fd,172,11.5386
22,s3fd,173,12.1872
22,s3fd,174,12.7093
22,s3fd,175,12.8824
22,s3fd,176,12.7643
22,s3fd,177,12.5413
22,s3fd,178,12.6806
22,s3fd,179,12.7458
22,s3fd,180,13.0083
22,s3fd,181,12.2946
22,s3fd,182,12.7123
22,s3fd,183,12.402
22,s3fd,184,5.11083
22,s3fd,185,6.17348
22,s3fd,186,5.21104
22,s3fd,187,4.922
22,s3fd,188,5.90987
22,s3fd,189,13.3733
22,s3fd,190,12.6801
22,s3fd,191,13.0866
22,s3fd,192,12.7029
22,s3fd,193,12.2066
22,s3fd,194,12.5593
22,s3fd,195,12.7288
22,s3fd,196,12.6648
22,s3fd,197,12.9939
22,s3fd,198,14.2143
22,s3fd,199,12.726
22,s3fd,200,12.7752
22,s3fd,201,13.0325
22,s3fd,202,12.4374
22,s3fd,203,12.6511
22,s3fd,204,12.6904
22,s3fd,205,12.5836
22,s3fd,206,12.7234
22,s3fd,207,12.8037
22,s3fd,208,9.64413
22,s3fd,209,12.2242
22,s3fd,210,12.6898
22,s3fd,211,12.5586
22,s3fd,212,12.7928
22,s3fd,213,13.1515
22,s3fd,214,12.1887
22,s3fd,215,12.5939
22,s3fd,216,12.8937
22,s3fd,217,12.8789
22,scrfd,168,2.83303
22,scrfd,169,3.06805
22,scrfd,170,3.08102
22,scrfd,171,3.41227
22,scrfd,172,3.21742
22,scrfd,173,2.79958
22,scrfd,174,3.0345
22,scrfd,175,3.05158
22,scrfd,176,3.34159
22,scrfd,177,2.38805
22,scrfd,178,2.85083
22,scrfd,179,4.52979
22,scrfd,180,2.59156
22,scrfd,181,1.77259
22,scrfd,182,2.29708
22,scrfd,183,1.87297
22,scrfd,184,3.99114
22,scrfd,185,2.87781
22,scrfd,186,3.04378
22,scrfd,187,3.08471
22,scrfd,188,3.09519
22,scrfd,189,3.27058
22,scrfd,190,3.16871
22,scrfd,191,2.92872
22,scrfd,192,3.09323
22,scrfd,193,3.10907
22,scrfd,194,3.1894
22,scrfd,195,5.48145
22,scrfd,196,3.02929
22,scrfd,197,3.08444
22,scrfd,198,3.01067
22,scrfd,199,3.33352
22,scrfd,200,2.93465
22,scrfd,201,3.1145
22,scrfd,202,3.054
22,scrfd,203,3.1135
22,scrfd,204,3.41547
22,scrfd,205,5.13494
22,scrfd,206,5.31276
22,scrfd,207,3.10272
22,scrfd,208,3.2016
22,scrfd,209,3.20445
22,scrfd,210,2.92071
22,scrfd,211,3.02482
22,scrfd,212,3.35425
22,scrfd,213,3.17221
22,scrfd,214,5.45109
22,scrfd,215,3.05374
22,scrfd,216,3.04407
22,scrfd,217,3.09162
23,scrfd,218,3.38692
23,scrfd,219,5.13341
23,scrfd,220,3.02244
23,scrfd,221,3.12367
23,scrfd,222,3.063
23,scrfd,223,3.25529
23,scrfd,224,5.34328
23,scrfd,225,3.00997
23,scrfd,226,3.18005
23,scrfd,227,3.20405
23,scrfd,228,3.07159
23,scrfd,229,3.07836
23,scrfd,230,3.04239
23,scrfd,231,3.34961
23,scrfd,232,3.08353
23,scrfd,233,3.34876
23,scrfd,234,2.85354
23,scrfd,235,3.07329
23,scrfd,236,3.09039
23,scrfd,237,3.07896
23,scrfd,238,3.18842
23,scrfd,239,3.09387
23,scrfd,240,3.09505
23,scrfd,241,3.02586
23,scrfd,242,3.20143
23,scrfd,243,3.21786
23,scrfd,244,3.01098
23,scrfd,245,3.05884
23,scrfd,246,3.09766
23,scrfd,247,3.18849
23,scrfd,248,2.98087
23,scrfd,249,3.52119
23,scrfd,250,2.82932
23,scrfd,251,3.07165
23,scrfd,252,3.0984
23,scrfd,253,3.13052
23,scrfd,254,3.20413
23,scrfd,255,3.10181
23,scrfd,256,3.06164
23,scrfd,257,3.04351
23,scrfd,258,2.24057
23,scrfd,259,2.15483
23,scrfd,260,3.23994
23,scrfd,261,3.09276
23,scrfd,262,1.87254
23,scrfd,263,1.68596
23,scrfd,264,1.93992
23,scrfd,265,1.83213
23,scrfd,266,3.04402
23,scrfd,267,2.19299
23,s3fd,218,12.8926
23,s3fd,219,12.6897
23,s3fd,220,12.8031
23,s3fd,221,12.8355
23,s3fd,222,12.3704
23,s3fd,223,12.619
23,s3fd,224,12.8367
23,s3fd,225,13.1501
23,s3fd,226,12.3281
23,s3fd,227,12.729
23,s3fd,228,12.7198
23,s3fd,229,5.2531
23,s3fd,230,6.30365
23,s3fd,231,6.74379
23,s3fd,232,5.73664
23,s3fd,233,5.11195
23,s3fd,234,4.98677
23,s3fd,235,5.04294
23,s3fd,236,12.7321
23,s3fd,237,12.845
23,s3fd,238,13.0285
23,s3fd,239,12.3681
23,s3fd,240,12.6681
23,s3fd,241,12.7818
23,s3fd,242,13.1255
23,s3fd,243,12.1649
23,s3fd,244,12.7486
23,s3fd,245,12.6841
23,s3fd,246,12.8163
23,s3fd,247,12.5669
23,s3fd,248,12.6498
23,s3fd,249,12.767
23,s3fd,250,12.7463
23,s3fd,251,12.5408
23,s3fd,252,12.6727
23,s3fd,253,12.5377
23,s3fd,254,12.8348
23,s3fd,255,11.3841
23,s3fd,256,9.76017
23,s3fd,257,12.8515
23,s3fd,258,12.9312
23,s3fd,259,12.5115
23,s3fd,260,12.7639
23,s3fd,261,12.675
23,s3fd,262,13.0524
23,s3fd,263,12.6477
23,s3fd,264,12.5125
23,s3fd,265,12.8369
23,s3fd,266,12.8419
23,s3fd,267,9.45848
24,s3fd,268,5.311
24,s3fd,269,5.77803
24,s3fd,270,4.93857
24,s3fd,271,6.04882
24,s3fd,272,5.29633
24,s3fd,273,13.4344
24,s3fd,274,12.4921
24,s3fd,275,12.5943
24,s3fd,276,12.6498
24,s3fd,277,13.1043
24,s3fd,278,12.2487
24,s3fd,279,12.6922
24,s3fd,280,12.481
24,s3fd,281,12.7857
24,s3fd,282,12.6578
24,s3fd,283,12.6403
24,s3fd,284,12.6077
24,s3fd,285,12.868
24,s3fd,286,13.1987
24,s3fd,287,12.3388
24,s3fd,288,12.6766
24,s3fd,289,12.9203
24,s3fd,290,12.6725
24,s3fd,291,12.5571
24,s3fd,292,12.7368
24,s3fd,293,10.5067
24,s3fd,294,7.19008
24,s3fd,295,13.2438
24,s3fd,296,12.7897
24,s3fd,297,12.7184
24,s3fd,298,12.4995
24,s3fd,299,12.8789
24,s3fd,300,12.6288
24,s3fd,301,13.3874
24,s3fd,302,12.489
24,s3fd,303,12.2938
24,s3fd,304,12.71
24,s3fd,305,12.8795
24,s3fd,306,7.02802
24,s3fd,307,4.96522
24,s3fd,308,5.47574
24,s3fd,309,4.92107
24,s3fd,310,5.72702
24,s3fd,311,5.27267
24,s3fd,312,9.05286
24,s3fd,313,12.7513
24,s3fd,314,12.6298
24,s3fd,315,12.7501
24,s3fd,316,12.9018
24,s3fd,317,12.2786
24,scrfd,268,2.90403
24,scrfd,269,3.10669
24,scrfd,270,3.29994
24,scrfd,271,2.95392
24,scrfd,272,3.14268
24,scrfd,273,3.01954
24,scrfd,274,3.40498
24,scrfd,275,3.00677
24,scrfd,276,3.16465
24,scrfd,277,3.06785
24,scrfd,278,3.03292
24,scrfd,279,3.16998
24,scrfd,280,3.02918
24,scrfd,281,3.3172
24,scrfd,282,2.94806
24,scrfd,283,3.05761
24,scrfd,284,3.07781
24,scrfd,285,3.13856
24,scrfd,286,3.5634
24,scrfd,287,4.80688
24,scrfd,288,3.08007
24,scrfd,289,3.19375
24,scrfd,290,2.93562
24,scrfd,291,3.40265
24,scrfd,292,2.84031
24,scrfd,293,3.05595
24,scrfd,294,3.01872
24,scrfd,295,3.0719
24,scrfd,296,3.33865
24,scrfd,297,2.94476
24,scrfd,298,3.0316
24,scrfd,299,3.09343
24,scrfd,300,3.44311
24,scrfd,301,3.04039
24,scrfd,302,3.20974
24,scrfd,303,3.02572
24,scrfd,304,3.09446
24,scrfd,305,3.3647
24,scrfd,306,2.80837
24,scrfd,307,3.58111
24,scrfd,308,2.80002
24,scrfd,309,3.0591
24,scrfd,310,3.0724
24,scrfd,311,3.11811
24,scrfd,312,3.28014
24,scrfd,313,3.02126
24,scrfd,314,3.03565
24,scrfd,315,3.05983
24,scrfd,316,3.40851
24,scrfd,317,3.09069
25,scrfd,318,5.5217
25,scrfd,319,3.05937
25,scrfd,320,3.08699
25,scrfd,321,3.1431
25,scrfd,322,3.68901
25,scrfd,323,3.3729
25,scrfd,324,4.11462
25,scrfd,325,3.17136
25,scrfd,326,3.04468
25,scrfd,327,3.29705
25,scrfd,328,2.95
25,scrfd,329,3.09897
25,scrfd,330,3.34474
25,scrfd,331,3.06302
25,scrfd,332,3.21126
25,scrfd,333,2.98438
25,scrfd,334,3.0548
25,scrfd,335,3.10579
25,scrfd,336,3.33029
25,scrfd,337,3.12953
25,scrfd,338,5.43509
25,scrfd,339,3.10798
25,scrfd,340,3.00631
25,scrfd,341,3.24264
25,scrfd,342,3.34753
25,scrfd,343,5.04355
25,scrfd,344,3.02586
25,scrfd,345,3.19157
25,scrfd,346,3.02774
25,scrfd,347,3.30855
25,scrfd,348,2.93279
25,scrfd,349,3.09425
25,scrfd,350,3.08491
25,scrfd,351,3.12368
25,scrfd,352,3.33165
25,scrfd,353,2.9957
25,scrfd,354,3.06374
25,scrfd,355,3.02836
25,scrfd,356,3.28157
25,scrfd,357,3.32343
25,scrfd,358,5.23483
25,scrfd,359,3.02817
25,scrfd,360,3.08359
25,scrfd,361,3.15843
25,scrfd,362,3.15351
25,scrfd,363,3.04905
25,scrfd,364,3.0784
25,scrfd,365,2.1763
25,scrfd,366,1.71784
25,scrfd,367,1.94671
25,s3fd,318,5.37956
25,s3fd,319,4.99446
25,s3fd,320,4.92643
25,s3fd,321,6.25166
25,s3fd,322,13.9319
25,s3fd,323,12.5608
25,s3fd,324,12.7146
25,s3fd,325,12.7268
25,s3fd,326,12.9018
25,s3fd,327,14.5666
25,s3fd,328,12.5462
25,s3fd,329,12.8059
25,s3fd,330,12.6512
25,s3fd,331,12.6526
25,s3fd,332,12.7424
25,s3fd,333,12.6645
25,s3fd,334,12.6304
25,s3fd,335,12.6862
25,s3fd,336,12.7308
25,s3fd,337,12.5935
25,s3fd,338,12.655
25,s3fd,339,12.7854
25,s3fd,340,14.5049
25,s3fd,341,10.1055
25,s3fd,342,11.3384
25,s3fd,343,6.08435
25,s3fd,344,11.6005
25,s3fd,345,12.7071
25,s3fd,346,12.681
25,s3fd,347,12.4814
25,s3fd,348,12.6616
25,s3fd,349,12.7502
25,s3fd,350,12.645
25,s3fd,351,12.7267
25,s3fd,352,12.9252
25,s3fd,353,13.5314
25,s3fd,354,14.184
25,s3fd,355,5.6471
25,s3fd,356,4.49048
25,s3fd,357,5.30901
25,s3fd,358,4.75786
25,s3fd,359,5.50786
25,s3fd,360,5.55918
25,s3fd,361,4.9238
25,s3fd,362,13.151
25,s3fd,363,12.6229
25,s3fd,364,12.7083
25,s3fd,365,12.6203
25,s3fd,366,12.5664
25,s3fd,367,12.8349
26,s3fd,368,12.3552
26,s3fd,369,12.7035
26,s3fd,370,12.6645
26,s3fd,371,12.4079
26,s3fd,372,12.68
26,s3fd,373,12.7447
26,s3fd,374,13.2614
26,s3fd,375,11.927
26,s3fd,376,12.6882
26,s3fd,377,12.8023
26,s3fd,378,13.476
26,s3fd,379,12.0198
26,s3fd,380,12.7006
26,s3fd,381,11.8911
26,s3fd,382,8.81601
26,s3fd,383,12.7715
26,s3fd,384,13.0063
26,s3fd,385,12.9333
26,s3fd,386,12.623
26,s3fd,387,12.4385
26,s3fd,388,12.7316
26,s3fd,389,12.6565
26,s3fd,390,12.699
26,s3fd,391,12.894
26,s3fd,392,12.2954
26,s3fd,393,10.0211
26,s3fd,394,5.25378
26,s3fd,395,4.61887
26,s3fd,396,5.42818
26,s3fd,397,5.37867
26,s3fd,398,4.76371
26,s3fd,399,5.32956
26,s3fd,400,4.97973
26,s3fd,401,12.5001
26,s3fd,402,12.5628
26,s3fd,403,12.3318
26,s3fd,404,12.622
26,s3fd,405,12.6479
26,s3fd,406,12.5211
26,s3fd,407,12.6279
26,s3fd,408,12.6178
26,s3fd,409,12.7015
26,s3fd,410,12.5603
26,s3fd,411,12.7691
26,s3fd,412,12.8095
26,s3fd,413,13.4763
26,s3fd,414,11.7612
26,s3fd,415,12.6878
26,s3fd,416,12.9282
26,s3fd,417,12.9771
26,scrfd,368,2.90119
26,scrfd,369,3.09536
26,scrfd,370,3.07388
26,scrfd,371,3.17279
26,scrfd,372,3.31857
26,scrfd,373,2.92743
26,scrfd,374,3.09073
26,scrfd,375,3.07401
26,scrfd,376,3.30624
26,scrfd,377,3.18521
26,scrfd,378,3.09122
26,scrfd,379,3.05953
26,scrfd,380,3.08579
26,scrfd,381,1.46856
26,scrfd,382,3.70744
26,scrfd,383,3.28912
26,scrfd,384,2.90654
26,scrfd,385,1.9248
26,scrfd,386,1.84853
26,scrfd,387,1.43932
26,scrfd,388,2.16211
26,scrfd,389,3.33313
26,scrfd,390,3.76162
26,scrfd,391,4.59082
26,scrfd,392,3.04783
26,scrfd,393,3.37524
26,scrfd,394,3.0029
26,scrfd,395,3.3224
26,scrfd,396,2.89299
26,scrfd,397,3.12822
26,scrfd,398,3.01309
26,scrfd,399,3.08402
26,scrfd,400,3.39969
26,scrfd,401,5.00295
26,scrfd,402,3.05307
26,scrfd,403,3.33231
26,scrfd,404,3.12754
26,scrfd,405,5.46919
26,scrfd,406,2.99844
26,scrfd,407,3.06496
26,scrfd,408,3.1229
26,scrfd,409,3.28417
26,scrfd,410,2.97456
26,scrfd,411,3.04973
26,scrfd,412,3.06042
26,scrfd,413,3.46962
26,scrfd,414,3.04325
26,scrfd,415,5.48428
26,scrfd,416,3.06651
26,scrfd,417,3.15955
27,scrfd,418,3.09839
27,scrfd,419,3.2275
27,scrfd,420,3.05405
27,scrfd,421,3.02139
27,scrfd,422,3.06236
27,scrfd,423,3.31494
27,scrfd,424,3.11638
27,scrfd,425,3.1287
27,scrfd,426,3.03923
27,scrfd,427,3.07906
27,scrfd,428,3.44542
27,scrfd,429,2.46474
27,scrfd,430,2.50694
27,scrfd,431,3.43288
27,scrfd,432,2.17294
27,scrfd,433,1.66708
27,scrfd,434,1.57879
27,scrfd,435,1.54184
27,scrfd,436,1.8908
27,scrfd,437,1.67196
27,scrfd,438,3.16077
27,scrfd,439,2.93534
27,scrfd,440,3.04772
27,scrfd,441,3.05769
27,scrfd,442,3.12497
27,scrfd,443,3.24426
27,scrfd,444,5.50157
27,scrfd,445,5.09276
27,scrfd,446,3.11127
27,scrfd,447,3.29301
27,scrfd,448,2.99295
27,scrfd,449,3.0324
27,scrfd,450,3.0484
27,scrfd,451,3.3876
27,scrfd,452,3.09239
27,scrfd,453,3.22844
27,scrfd,454,3.07072
27,scrfd,455,3.05209
27,scrfd,456,3.43985
27,scrfd,457,5.1712
27,scrfd,458,3.01823
27,scrfd,459,3.06419
27,scrfd,460,3.06692
27,scrfd,461,3.39696
27,scrfd,462,3.03002
27,scrfd,463,5.50777
27,scrfd,464,3.03035
27,scrfd,465,3.10804
27,scrfd,0,3.09716
27,scrfd,1,3.35756
27,s3fd,418,12.3435
27,s3fd,419,12.6649
27,s3fd,420,12.7958
27,s3fd,421,13.0777
27,s3fd,422,12.4353
27,s3fd,423,12.6333
27,s3fd,424,12.7216
27,s3fd,425,12.6989
27,s3fd,426,12.6721
27,s3fd,427,12.6481
27,s3fd,428,12.6644
27,s3fd,429,7.57764
27,s3fd,430,13.6333
27,s3fd,431,14.8038
27,s3fd,432,12.8779
27,s3fd,433,12.8488
27,s3fd,434,12.621
27,s3fd,435,12.538
27,s3fd,436,12.7059
27,s3fd,437,12.7419
27,s3fd,438,12.7837
27,s3fd,439,12.5975
27,s3fd,440,12.2341
27,s3fd,441,4.76114
27,s3fd,442,6.37088
27,s3fd,443,5.66581
27,s3fd,444,4.77461
27,s3fd,445,6.16325
27,s3fd,446,14.0207
27,s3fd,447,12.7151
27,s3fd,448,12.5776
27,s3fd,449,12.6862
27,s3fd,450,12.7288
27,s3fd,451,12.6701
27,s3fd,452,12.5676
27,s3fd,453,12.9085
27,s3fd,454,12.6709
27,s3fd,455,12.5363
27,s3fd,456,12.6805
27,s3fd,457,12.9643
27,s3fd,458,13.269
27,s3fd,459,11.9858
27,s3fd,460,12.7097
27,s3fd,461,12.7949
27,s3fd,462,12.7334
27,s3fd,463,12.8253
27,s3fd,464,12.798
27,s3fd,465,12.6664
27,s3fd,0,11.2761
27,s3fd,1,6.97623
28,s3fd,2,11.6106
28,s3fd,3,12.649
28,s3fd,4,12.8832
28,s3fd,5,12.3835
28,s3fd,6,12.811
28,s3fd,7,12.8492
28,s3fd,8,12.4208
28,s3fd,9,12.6571
28,s3fd,10,12.8283
28,s3fd,11,13.4732
28,s3fd,12,14.1385
28,s3fd,13,5.14419
28,s3fd,14,4.52401
28,s3fd,15,5.37179
28,s3fd,16,4.69242
28,s3fd,17,4.96257
28,s3fd,18,4.9252
28,s3fd,19,5.38067
28,s3fd,20,13.6945
28,s3fd,21,12.6715
28,s3fd,22,12.6976
28,s3fd,23,12.7841
28,s3fd,24,12.5049
28,s3fd,25,12.6809
28,s3fd,26,12.6206
28,s3fd,27,12.6815
28,s3fd,28,12.7333
28,s3fd,29,12.6002
28,s3fd,30,12.5372
28,s3fd,31,12.8413
28,s3fd,32,13.302
28,s3fd,33,14.336
28,s3fd,34,12.5898
28,s3fd,35,12.6774
28,s3fd,36,12.6296
28,s3fd,37,12.5957
28,s3fd,38,12.8305
28,s3fd,39,9.46418
28,s3fd,40,12.3237
28,s3fd,41,12.4246
28,s3fd,42,12.6885
28,s3fd,43,12.799
28,s3fd,44,13.1062
28,s3fd,45,12.3196
28,s3fd,46,12.6413
28,s3fd,47,12.9593
28,s3fd,48,12.6665
28,s3fd,49,12.619
28,s3fd,50,12.5672
28,s3fd,51,8.29934
28,scrfd,2,2.29185
28,scrfd,3,1.9736
28,scrfd,4,1.73917
28,scrfd,5,1.66609
28,scrfd,6,1.56139
28,scrfd,7,1.86046
28,scrfd,8,1.72428
28,scrfd,9,2.97236
28,scrfd,10,4.33484
28,scrfd,11,3.06481
28,scrfd,12,3.17345
28,scrfd,13,2.99677
28,scrfd,14,3.3967
28,scrfd,15,2.8207
28,scrfd,16,3.07722
28,scrfd,17,3.08951
28,scrfd,18,3.08405
28,scrfd,19,3.39403
28,scrfd,20,5.09021
28,scrfd,21,3.05888
28,scrfd,22,3.13586
28,scrfd,23,3.03551
28,scrfd,24,3.38758
28,scrfd,25,2.91073
28,scrfd,26,3.01645
28,scrfd,27,3.04472
28,scrfd,28,3.10114
28,scrfd,29,3.26774
28,scrfd,30,3.00846
28,scrfd,31,3.03449
28,scrfd,32,3.12759
28,scrfd,33,3.42755
28,scrfd,34,3.04359
28,scrfd,35,3.24613
28,scrfd,36,3.0487
28,scrfd,37,3.0739
28,scrfd,38,3.05356
28,scrfd,39,3.10462
28,scrfd,40,3.60908
28,scrfd,41,4.87942
28,scrfd,42,3.0604
28,scrfd,43,3.32924
28,scrfd,44,3.14628
28,scrfd,45,3.09653
28,scrfd,46,3.04883
28,scrfd,47,3.0759
28,scrfd,48,3.11424
28,scrfd,49,3.06578
28,scrfd,50,3.33605
28,scrfd,51,2.97944
29,scrfd,52,3.04951
29,scrfd,53,3.10177
29,scrfd,54,3.13932
29,scrfd,55,3.67147
29,scrfd,56,4.67603
29,scrfd,57,3.06998
29,scrfd,58,3.09464
29,scrfd,59,3.0199
29,scrfd,60,3.37943
29,scrfd,61,2.80755
29,scrfd,62,3.06305
29,scrfd,63,3.05172
29,scrfd,64,3.14426
29,scrfd,65,3.23155
29,scrfd,66,3.02884
29,scrfd,67,3.07298
29,scrfd,68,3.09708
29,scrfd,69,3.47411
29,scrfd,70,2.98451
29,scrfd,71,3.23398
29,scrfd,72,3.07672
29,scrfd,73,3.11358
29,scrfd,74,3.34521
29,scrfd,75,2.82452
29,scrfd,76,3.44101
29,scrfd,77,2.84269
29,scrfd,78,3.05686
29,scrfd,79,3.1058
29,scrfd,80,3.14012
29,scrfd,81,3.3659
29,scrfd,82,2.888
29,scrfd,83,3.10472
29,scrfd,84,3.10677
29,scrfd,85,3.52249
29,scrfd,86,3.0869
29,scrfd,87,3.41832
29,scrfd,88,3.53616
29,scrfd,89,2.81368
29,scrfd,90,1.80666
29,scrfd,91,2.09471
29,scrfd,92,1.95116
29,scrfd,93,2.3758
29,scrfd,94,4.94317
29,scrfd,95,3.0693
29,scrfd,96,3.70863
29,scrfd,97,5.0886
29,scrfd,98,5.07899
29,scrfd,99,3.07315
29,scrfd,100,3.38138
29,scrfd,101,3.35516
29,s3fd,52,12.6767
29,s3fd,53,12.5018
29,s3fd,54,12.8086
29,s3fd,55,12.5878
29,s3fd,56,12.6888
29,s3fd,57,12.5768
29,s3fd,58,12.8324
29,s3fd,59,13.4261
29,s3fd,60,9.19737
29,s3fd,61,5.16481
29,s3fd,62,5.47215
29,s3fd,63,4.88917
29,s3fd,64,5.07201
29,s3fd,65,4.83251
29,s3fd,66,4.98724
29,s3fd,67,13.3611
29,s3fd,68,13.4086
29,s3fd,69,14.1879
29,s3fd,70,12.4398
29,s3fd,71,12.7469
29,s3fd,72,12.6495
29,s3fd,73,12.6675
29,s3fd,74,12.7136
29,s3fd,75,12.4626
29,s3fd,76,12.6867
29,s3fd,77,12.7939
29,s3fd,78,12.5275
29,s3fd,79,12.7532
29,s3fd,80,12.781
29,s3fd,81,12.9714
29,s3fd,82,12.4927
29,s3fd,83,12.72
29,s3fd,84,12.812
29,s3fd,85,13.1091
29,s3fd,86,8.59139
29,s3fd,87,10.2138
29,s3fd,88,12.7364
29,s3fd,89,12.5035
29,s3fd,90,12.6749
29,s3fd,91,12.7837
29,s3fd,92,13.0647
29,s3fd,93,12.4479
29,s3fd,94,12.591
29,s3fd,95,12.7789
29,s3fd,96,12.9585
29,s3fd,97,12.2575
29,s3fd,98,9.71928
29,s3fd,99,4.70079
29,s3fd,100,5.56566
29,s3fd,101,4.95947
30,s3fd,102,4.75595
30,s3fd,103,4.95833
30,s3fd,104,4.88291
30,s3fd,105,13.4079
30,s3fd,106,12.4015
30,s3fd,107,12.5632
30,s3fd,108,12.7993
30,s3fd,109,12.967
30,s3fd,110,12.33
30,s3fd,111,12.7531
30,s3fd,112,12.8635
30,s3fd,113,12.5133
30,s3fd,114,12.5928
30,s3fd,115,12.7546
30,s3fd,116,12.7096
30,s3fd,117,12.5984
30,s3fd,118,12.5045
30,s3fd,119,12.7853
30,s3fd,120,12.5629
30,s3fd,121,12.8295
30,s3fd,122,12.4761
30,s3fd,123,13.2186
30,s3fd,124,12.2302
30,s3fd,125,11.6536
30,s3fd,126,6.62097
30,s3fd,127,11.7871
30,s3fd,128,13.0369
30,s3fd,129,12.4234
30,s3fd,130,12.7367
30,s3fd,131,12.7598
30,s3fd,132,13.3527
30,s3fd,133,12.0256
30,s3fd,134,12.8943
30,s3fd,135,12.4746
30,s3fd,136,12.843
30,s3fd,137,12.5679
30,s3fd,138,7.63607
30,s3fd,139,4.51372
30,s3fd,140,5.5607
30,s3fd,141,5.3091
30,s3fd,142,4.83883
30,s3fd,143,5.05442
30,s3fd,144,4.83032
30,s3fd,145,13.2073
30,s3fd,146,12.6302
30,s3fd,147,12.5739
30,s3fd,148,12.9037
30,s3fd,149,12.7583
30,s3fd,150,12.4133
30,s3fd,151,12.6757
30,scrfd,102,5.36743
30,scrfd,103,3.30172
30,scrfd,104,2.96753
30,scrfd,105,3.02403
30,scrfd,106,3.08816
30,scrfd,107,3.42756
30,scrfd,108,2.97585
30,scrfd,109,3.24948
30,scrfd,110,3.01214
30,scrfd,111,3.09118
30,scrfd,112,3.08808
30,scrfd,113,3.06099
30,scrfd,114,3.41943
30,scrfd,115,2.89066
30,scrfd,116,3.07428
30,scrfd,117,3.059
30,scrfd,118,3.16024
30,scrfd,119,3.46459
30,scrfd,120,4.80587
30,scrfd,121,3.09222
30,scrfd,122,3.13827
30,scrfd,123,2.98996
30,scrfd,124,3.20119
30,scrfd,125,3.09244
30,scrfd,126,3.06668
30,scrfd,127,3.10086
30,scrfd,128,3.14165
30,scrfd,129,3.41519
30,scrfd,130,4.93902
30,scrfd,131,3.04837
30,scrfd,132,3.15451
30,scrfd,133,3.0721
30,scrfd,134,3.38971
30,scrfd,135,2.85623
30,scrfd,136,3.08319
30,scrfd,137,3.11338
30,scrfd,138,3.14715
30,scrfd,139,3.58547
30,scrfd,140,4.77486
30,scrfd,141,3.01243
30,scrfd,142,3.29843
30,scrfd,143,2.92434
30,scrfd,144,3.33792
30,scrfd,145,2.99158
30,scrfd,146,3.05407
30,scrfd,147,3.06528
30,scrfd,148,3.15013
30,scrfd,149,2.25931
30,scrfd,150,5.84447
30,scrfd,151,3.05398
31,scrfd,152,3.11347
31,scrfd,153,3.06896
31,scrfd,154,3.33146
31,scrfd,155,5.21524
31,scrfd,156,3.06056
31,scrfd,157,3.22903
31,scrfd,158,3.09275
31,scrfd,159,3.42166
31,scrfd,160,2.82344
31,scrfd,161,3.0465
31,scrfd,162,3.08398
31,scrfd,163,3.05818
31,scrfd,164,3.2346
31,scrfd,165,3.02255
31,scrfd,166,3.1358
31,scrfd,167,3.03044
31,scrfd,168,3.24022
31,scrfd,169,3.22592
31,scrfd,170,5.22917
31,scrfd,171,3.0368
31,scrfd,172,3.1268
31,scrfd,173,3.05844
31,scrfd,174,3.30393
31,scrfd,175,2.97732
31,scrfd,176,3.06005
31,scrfd,177,3.06448
31,scrfd,178,3.13502
31,scrfd,179,3.28828
31,scrfd,180,3.02257
31,scrfd,181,3.03857
31,scrfd,182,3.14406
31,scrfd,183,3.18293
31,scrfd,184,2.97522
31,scrfd,185,3.31523
31,scrfd,186,5.24037
31,scrfd,187,3.0514
31,scrfd,188,3.1822
31,scrfd,189,3.35064
31,scrfd,190,2.90587
31,scrfd,191,2.43601
31,scrfd,192,1.53872
31,scrfd,193,1.52855
31,scrfd,194,1.60849
31,scrfd,195,2.32691
31,scrfd,196,1.84857
31,scrfd,197,1.87814
31,scrfd,198,3.61439
31,scrfd,199,1.87135
31,scrfd,200,3.84702
31,scrfd,201,3.1087
31,s3fd,152,12.7203
31,s3fd,153,12.8455
31,s3fd,154,12.9599
31,s3fd,155,14.538
31,s3fd,156,12.5752
31,s3fd,157,12.6857
31,s3fd,158,12.6266
31,s3fd,159,12.6084
31,s3fd,160,12.6196
31,s3fd,161,12.5381
31,s3fd,162,12.6137
31,s3fd,163,12.6769
31,s3fd,164,12.6227
31,s3fd,165,12.6508
31,s3fd,166,12.8258
31,s3fd,167,12.655
31,s3fd,168,12.5171
31,s3fd,169,12.657
31,s3fd,170,12.7701
31,s3fd,171,13.3552
31,s3fd,172,8.30658
31,s3fd,173,6.34995
31,s3fd,174,13.6099
31,s3fd,175,12.6855
31,s3fd,176,12.7616
31,s3fd,177,13.2575
31,s3fd,178,12.2641
31,s3fd,179,12.5854
31,s3fd,180,12.8121
31,s3fd,181,12.792
31,s3fd,182,12.9567
31,s3fd,183,12.5246
31,s3fd,184,14.2733
31,s3fd,185,5.15605
31,s3fd,186,4.75171
31,s3fd,187,5.19641
31,s3fd,188,6.33773
31,s3fd,189,5.2967
31,s3fd,190,7.61058
31,s3fd,191,12.8775
31,s3fd,192,13.0396
31,s3fd,193,12.4588
31,s3fd,194,12.6146
31,s3fd,195,12.7194
31,s3fd,196,12.6043
31,s3fd,197,12.6325
31,s3fd,198,12.6688
31,s3fd,199,12.6142
31,s3fd,200,12.7636
31,s3fd,201,12.655
32,s3fd,202,12.5273
32,s3fd,203,12.6731
32,s3fd,204,12.9361
32,s3fd,205,12.8187
32,s3fd,206,12.3512
32,s3fd,207,12.694
32,s3fd,208,12.779
32,s3fd,209,13.0785
32,s3fd,210,9.49189
32,s3fd,211,12.1808
32,s3fd,212,12.9888
32,s3fd,213,12.5323
32,s3fd,214,12.547
32,s3fd,215,12.8558
32,s3fd,216,12.5103
32,s3fd,217,12.7218
32,s3fd,218,13.0318
32,s3fd,219,12.2291
32,s3fd,220,12.6369
32,s3fd,221,12.6929
32,s3fd,222,7.52987
32,s3fd,223,4.80285
32,s3fd,224,5.90137
32,s3fd,225,5.88451
32,s3fd,226,5.09164
32,s3fd,227,5.40352
32,s3fd,228,13.4478
32,s3fd,229,12.6228
32,s3fd,230,12.7626
32,s3fd,231,12.6391
32,s3fd,232,12.6933
32,s3fd,233,12.5786
32,s3fd,234,12.7434
32,s3fd,235,12.7113
32,s3fd,236,12.6991
32,s3fd,237,12.4148
32,s3fd,238,12.6532
32,s3fd,239,12.8823
32,s3fd,240,13.166
32,s3fd,241,14.2531
32,s3fd,242,12.8763
32,s3fd,243,14.8632
32,s3fd,244,12.7067
32,s3fd,245,12.9131
32,s3fd,246,12.6731
32,s3fd,247,9.87631
32,s3fd,248,11.4249
32,s3fd,249,6.059
32,s3fd,250,11.6482
32,s3fd,251,12.6922
32,scrfd,202,5.19644
32,scrfd,203,3.02711
32,scrfd,204,3.07699
32,scrfd,205,3.12783
32,scrfd,206,3.29601
32,scrfd,207,2.95327
32,scrfd,208,3.08401
32,scrfd,209,3.14032
32,scrfd,210,3.35306
32,scrfd,211,3.18468
32,scrfd,212,3.14586
32,scrfd,213,3.06766
32,scrfd,214,3.12186
32,scrfd,215,5.2384
32,scrfd,216,3.39345
32,scrfd,217,4.96704
32,scrfd,218,3.04119
32,scrfd,219,3.11601
32,scrfd,220,3.15318
32,scrfd,221,3.34826
32,scrfd,222,5.11263
32,scrfd,223,3.07139
32,scrfd,224,3.36838
32,scrfd,225,3.18828
32,scrfd,226,5.35267
32,scrfd,227,3.03382
32,scrfd,228,3.04587
32,scrfd,229,3.08404
32,scrfd,230,3.26962
32,scrfd,231,2.99185
32,scrfd,232,3.05778
32,scrfd,233,3.11462
32,scrfd,234,2.94519
32,scrfd,235,1.62248
32,scrfd,236,2.36083
32,scrfd,237,2.38443
32,scrfd,238,1.61132
32,scrfd,239,2.06679
32,scrfd,240,1.65351
32,scrfd,241,1.56722
32,scrfd,242,1.55605
32,scrfd,243,4.08587
32,scrfd,244,5.43526
32,scrfd,245,3.05486
32,scrfd,246,3.0686
32,scrfd,247,3.20279
32,scrfd,248,3.33677
32,scrfd,249,5.12027
32,scrfd,250,3.0511
32,scrfd,251,3.40346
33,scrfd,252,2.79299
33,scrfd,253,3.42467
33,scrfd,254,2.86133
33,scrfd,255,3.09208
33,scrfd,256,3.05784
33,scrfd,257,3.10361
33,scrfd,258,3.46399
33,scrfd,259,4.79356
33,scrfd,260,3.03007
33,scrfd,261,3.15082
33,scrfd,262,5.7419
33,scrfd,263,5.0099
33,scrfd,264,3.09053
33,scrfd,265,3.08532
33,scrfd,266,3.01477
33,scrfd,267,3.30379
33,scrfd,268,2.939
33,scrfd,269,3.06194
33,scrfd,270,3.05724
33,scrfd,271,3.07057
33,scrfd,272,3.46163
33,scrfd,273,5.10667
33,scrfd,274,3.09361
33,scrfd,275,3.08498
33,scrfd,276,3.04759
33,scrfd,277,3.3919
33,scrfd,278,2.89328
33,scrfd,279,3.05151
33,scrfd,280,3.14048
33,scrfd,281,3.10928
33,scrfd,282,3.2681
33,scrfd,283,2.98371
33,scrfd,284,3.05599
33,scrfd,285,3.08828
33,scrfd,286,3.39139
33,scrfd,287,3.17203
33,scrfd,288,5.42097
33,scrfd,289,3.05776
33,scrfd,290,3.11547
33,scrfd,291,3.11529
33,scrfd,292,3.57213
33,scrfd,293,2.69048
33,scrfd,294,3.09438
33,scrfd,295,3.12116
33,scrfd,296,3.29621
33,scrfd,297,3.17879
33,scrfd,298,3.01305
33,scrfd,299,3.08996
33,scrfd,300,3.09783
33,scrfd,301,3.30304
33,s3fd,252,12.6055
33,s3fd,253,12.7654
33,s3fd,254,12.7559
33,s3fd,255,11.5029
33,s3fd,256,12.6401
33,s3fd,257,12.6732
33,s3fd,258,13.1817
33,s3fd,259,14.242
33,s3fd,260,12.6054
33,s3fd,261,12.6948
33,s3fd,262,12.8183
33,s3fd,263,12.6619
33,s3fd,264,12.6731
33,s3fd,265,12.7544
33,s3fd,266,8.51116
33,s3fd,267,4.88345
33,s3fd,268,4.70467
33,s3fd,269,5.23302
33,s3fd,270,4.99148
33,s3fd,271,4.66423
33,s3fd,272,4.84125
33,s3fd,273,13.5199
33,s3fd,274,12.7811
33,s3fd,275,13.3626
33,s3fd,276,11.9969
33,s3fd,277,12.684
33,s3fd,278,12.8629
33,s3fd,279,13.265
33,s3fd,280,12.117
33,s3fd,281,12.5459
33,s3fd,282,12.6872
33,s3fd,283,12.7762
33,s3fd,284,12.5823
33,s3fd,285,12.6617
33,s3fd,286,14.9741
33,s3fd,287,12.9508
33,s3fd,288,13.3761
33,s3fd,289,14.4595
33,s3fd,290,14.4374
33,s3fd,291,12.7717
33,s3fd,292,7.87073
33,s3fd,293,11.0484
33,s3fd,294,5.42595
33,s3fd,295,11.4232
33,s3fd,296,12.6649
33,s3fd,297,12.8163
33,s3fd,298,13.2695
33,s3fd,299,12.4774
33,s3fd,300,12.6619
33,s3fd,301,12.5616
34,s3fd,302,12.7226
34,s3fd,303,12.706
34,s3fd,304,12.7179
34,s3fd,305,14.8936
34,s3fd,306,5.96215
34,s3fd,307,4.64159
34,s3fd,308,5.33195
34,s3fd,309,5.52256
34,s3fd,310,4.66172
34,s3fd,311,4.66245
34,s3fd,312,4.85168
34,s3fd,313,13.52
34,s3fd,314,12.8271
34,s3fd,315,13.1724
34,s3fd,316,12.287
34,s3fd,317,12.6539
34,s3fd,318,12.9332
34,s3fd,319,12.9121
34,s3fd,320,12.6202
34,s3fd,321,12.4538
34,s3fd,322,12.6788
34,s3fd,323,12.8335
34,s3fd,324,12.5513
34,s3fd,325,12.6243
34,s3fd,326,12.6998
34,s3fd,327,12.628
34,s3fd,328,12.7272
34,s3fd,329,12.8157
34,s3fd,330,12.3884
34,s3fd,331,12.8761
34,s3fd,332,11.524
34,s3fd,333,9.9724
34,s3fd,334,12.6099
34,s3fd,335,13.4171
34,s3fd,336,12.2111
34,s3fd,337,12.4923
34,s3fd,338,12.8593
34,s3fd,339,12.7602
34,s3fd,340,12.5535
34,s3fd,341,12.7985
34,s3fd,342,12.6799
34,s3fd,343,12.8852
34,s3fd,344,10.1797
34,s3fd,345,5.10352
34,s3fd,346,5.18256
34,s3fd,347,4.92073
34,s3fd,348,6.49921
34,s3fd,349,5.67213
34,s3fd,350,4.96052
34,s3fd,351,13.1856
34,scrfd,302,3.01153
34,scrfd,303,3.08497
34,scrfd,304,3.34307
34,scrfd,305,2.85112
34,scrfd,306,3.10005
34,scrfd,307,3.1678
34,scrfd,308,3.01878
34,scrfd,309,3.24609
34,scrfd,310,2.98593
34,scrfd,311,3.068
34,scrfd,312,3.07925
34,scrfd,313,3.43159
34,scrfd,314,3.10264
34,scrfd,315,5.42684
34,scrfd,316,3.06676
34,scrfd,317,3.09653
34,scrfd,318,3.09115
34,scrfd,319,3.27317
34,scrfd,320,5.17669
34,scrfd,321,3.0821
34,scrfd,322,3.19013
34,scrfd,323,2.94718
34,scrfd,324,3.38098
34,scrfd,325,2.83676
34,scrfd,326,3.06754
34,scrfd,327,3.07735
34,scrfd,328,3.12753
34,scrfd,329,3.28361
34,scrfd,330,5.00853
34,scrfd,331,3.03491
34,scrfd,332,3.11229
34,scrfd,333,3.05885
34,scrfd,334,3.35101
34,scrfd,335,2.90434
34,scrfd,336,3.09379
34,scrfd,337,3.09285
34,scrfd,338,3.1986
34,scrfd,339,3.19554
34,scrfd,340,3.01052
34,scrfd,341,3.05225
34,scrfd,342,3.12187
34,scrfd,343,3.55925
34,scrfd,344,3.03245
34,scrfd,345,3.08109
34,scrfd,346,3.08027
34,scrfd,347,3.10017
34,scrfd,348,3.14257
34,scrfd,349,3.12662
34,scrfd,350,3.28229
34,scrfd,351,2.94111
35,scrfd,352,3.09627
35,scrfd,353,3.10195
35,scrfd,354,3.10799
35,scrfd,355,3.28776
35,scrfd,356,3.04657
35,scrfd,357,3.0369
35,scrfd,358,3.09604
35,scrfd,359,3.28962
35,scrfd,360,3.37498
35,scrfd,361,4.98327
35,scrfd,362,3.10626
35,scrfd,363,3.06216
35,scrfd,364,3.15515
35,scrfd,365,3.45516
35,scrfd,366,2.81391
35,scrfd,367,3.06838
35,scrfd,368,3.09719
35,scrfd,369,3.4914
35,scrfd,370,3.32189
35,scrfd,371,2.81924
35,scrfd,372,3.05947
35,scrfd,373,3.07184
35,scrfd,374,1.90213
35,scrfd,375,2.69484
35,scrfd,376,3.40301
35,scrfd,377,2.75683
35,scrfd,378,1.72782
35,scrfd,379,1.94535
35,scrfd,380,1.80098
35,scrfd,381,1.44134
35,scrfd,382,2.24661
35,scrfd,383,4.8893
35,scrfd,384,4.76463
35,scrfd,385,3.05459
35,scrfd,386,3.06442
35,scrfd,387,3.11009
35,scrfd,388,3.25786
35,scrfd,389,2.98717
35,scrfd,390,3.06004
35,scrfd,391,3.06694
35,scrfd,392,3.11056
35,scrfd,393,3.53744
35,scrfd,394,4.84684
35,scrfd,395,3.09254
35,scrfd,396,3.08337
35,scrfd,397,3.16205
35,scrfd,398,3.49846
35,scrfd,399,5.01157
35,scrfd,400,3.06372
35,scrfd,401,3.33207
35,s3fd,352,12.7529
35,s3fd,353,12.7255
35,s3fd,354,13.1424
35,s3fd,355,12.3465
35,s3fd,356,12.6332
35,s3fd,357,9.86312
35,s3fd,358,4.62133
35,s3fd,359,5.21403
35,s3fd,360,5.66281
35,s3fd,361,5.2415
35,s3fd,362,4.74822
35,s3fd,363,5.94919
35,s3fd,364,13.8183
35,s3fd,365,12.6251
35,s3fd,366,12.7712
35,s3fd,367,12.6187
35,s3fd,368,12.6102
35,s3fd,369,12.6209
35,s3fd,370,12.6997
35,s3fd,371,12.6258
35,s3fd,372,13.064
35,s3fd,373,12.0894
35,s3fd,374,12.5997
35,s3fd,375,12.6564
35,s3fd,376,12.6722
35,s3fd,377,12.5101
35,s3fd,378,12.7638
35,s3fd,379,12.8001
35,s3fd,380,13.1166
35,s3fd,381,12.272
35,s3fd,382,12.7253
35,s3fd,383,11.8734
35,s3fd,384,8.88491
35,s3fd,385,12.6162
35,s3fd,386,12.8674
35,s3fd,387,13.112
35,s3fd,388,12.7306
35,s3fd,389,12.8826
35,s3fd,390,12.4448
35,s3fd,391,12.6674
35,s3fd,392,12.6367
35,s3fd,393,13.03
35,s3fd,394,12.341
35,s3fd,395,10.3693
35,s3fd,396,6.03634
35,s3fd,397,4.71074
35,s3fd,398,5.74369
35,s3fd,399,5.58264
35,s3fd,400,4.71771
35,s3fd,401,6.64209
36,s3fd,402,13.0274
36,s3fd,403,12.7317
36,s3fd,404,12.7024
36,s3fd,405,12.6383
36,s3fd,406,12.5995
36,s3fd,407,12.6802
36,s3fd,408,12.7391
36,s3fd,409,12.7885
36,s3fd,410,12.701
36,s3fd,411,12.4063
36,s3fd,412,12.7179
36,s3fd,413,12.6054
36,s3fd,414,12.7319
36,s3fd,415,12.5365
36,s3fd,416,12.7099
36,s3fd,417,12.8168
36,s3fd,418,13.2578
36,s3fd,419,12.124
36,s3fd,420,12.6929
36,s3fd,421,12.9021
36,s3fd,422,11.949
36,s3fd,423,7.03984
36,s3fd,424,11.6733
36,s3fd,425,12.5556
36,s3fd,426,12.8026
36,s3fd,427,12.5004
36,s3fd,428,12.6925
36,s3fd,429,12.7776
36,s3fd,430,12.58
36,s3fd,431,12.426
36,s3fd,432,12.6402
36,s3fd,433,12.8319
36,s3fd,434,12.3898
36,s3fd,435,8.0187
36,s3fd,436,4.52043
36,s3fd,437,5.63692
36,s3fd,438,5.18955
36,s3fd,439,5.6261
36,s3fd,440,5.48876
36,s3fd,441,12.7974
36,s3fd,442,12.7859
36,s3fd,443,12.8876
36,s3fd,444,12.4115
36,s3fd,445,12.6983
36,s3fd,446,12.7323
36,s3fd,447,12.6326
36,s3fd,448,12.5824
36,s3fd,449,12.58
36,s3fd,450,12.681
36,s3fd,451,13.0665
36,scrfd,402,2.6958
36,scrfd,403,3.05133
36,scrfd,404,3.34714
36,scrfd,405,3.05842
36,scrfd,406,3.13654
36,scrfd,407,3.05872
36,scrfd,408,3.04401
36,scrfd,409,3.11557
36,scrfd,410,3.01351
36,scrfd,411,3.38892
36,scrfd,412,2.90947
36,scrfd,413,3.03159
36,scrfd,414,3.06002
36,scrfd,415,3.08916
36,scrfd,416,3.2114
36,scrfd,417,3.27189
36,scrfd,418,2.84356
36,scrfd,419,3.05944
36,scrfd,420,3.13919
36,scrfd,421,3.0377
36,scrfd,422,3.36355
36,scrfd,423,2.99714
36,scrfd,424,3.0637
36,scrfd,425,3.09036
36,scrfd,426,3.07228
36,scrfd,427,3.18398
36,scrfd,428,3.18668
36,scrfd,429,2.96913
36,scrfd,430,3.12671
36,scrfd,431,3.4011
36,scrfd,432,3.08659
36,scrfd,433,3.46308
36,scrfd,434,2.80125
36,scrfd,435,3.06345
36,scrfd,436,3.37509
36,scrfd,437,1.8456
36,scrfd,438,2.40742
36,scrfd,439,3.01542
36,scrfd,440,3.05439
36,scrfd,441,3.08333
36,scrfd,442,3.35988
36,scrfd,443,3.05861
36,scrfd,444,5.49205
36,scrfd,445,3.03612
36,scrfd,446,3.15744
36,scrfd,447,5.35426
36,scrfd,448,3.34484
36,scrfd,449,2.90439
36,scrfd,450,3.09406
36,scrfd,451,3.18202
37,scrfd,452,3.01567
37,scrfd,453,3.45462
37,scrfd,454,5.03446
37,scrfd,455,3.09246
37,scrfd,456,3.34242
37,scrfd,457,3.03275
37,scrfd,458,3.13177
37,scrfd,459,3.03856
37,scrfd,460,3.07026
37,scrfd,461,3.31143
37,scrfd,462,2.86021
37,scrfd,463,3.29884
37,scrfd,464,5.0656
37,scrfd,465,3.04553
37,scrfd,0,3.30731
37,scrfd,1,3.09743
37,scrfd,2,3.41718
37,scrfd,3,2.87348
37,scrfd,4,3.08611
37,scrfd,5,3.32609
37,scrfd,6,3.00928
37,scrfd,7,3.27381
37,scrfd,8,2.9643
37,scrfd,9,3.06094
37,scrfd,10,3.12271
37,scrfd,11,5.37445
37,scrfd,12,2.43466
37,scrfd,13,2.72772
37,scrfd,14,2.14612
37,scrfd,15,2.33275
37,scrfd,16,3.3403
37,scrfd,17,3.13405
37,scrfd,18,4.13908
37,scrfd,19,3.29543
37,scrfd,20,3.04787
37,scrfd,21,3.2647
37,scrfd,22,3.07663
37,scrfd,23,3.40529
37,scrfd,24,2.85262
37,scrfd,25,3.12922
37,scrfd,26,3.06453
37,scrfd,27,3.08385
37,scrfd,28,3.20678
37,scrfd,29,5.33496
37,scrfd,30,3.03499
37,scrfd,31,3.24344
37,scrfd,32,3.40562
37,scrfd,33,4.81623
37,scrfd,34,3.06407
37,scrfd,35,3.08026
37,s3fd,452,12.7317
37,s3fd,453,12.9235
37,s3fd,454,12.4049
37,s3fd,455,12.5062
37,s3fd,456,12.6409
37,s3fd,457,12.9608
37,s3fd,458,14.6785
37,s3fd,459,12.6456
37,s3fd,460,12.7128
37,s3fd,461,12.7356
37,s3fd,462,12.5635
37,s3fd,463,12.6021
37,s3fd,464,12.7475
37,s3fd,465,15.1684
37,s3fd,0,12.0633
37,s3fd,1,11.2368
37,s3fd,2,6.09249
37,s3fd,3,13.6524
37,s3fd,4,12.712
37,s3fd,5,12.8287
37,s3fd,6,12.6396
37,s3fd,7,12.6698
37,s3fd,8,12.9634
37,s3fd,9,12.4508
37,s3fd,10,12.5005
37,s3fd,11,12.8879
37,s3fd,12,13.0833
37,s3fd,13,12.4445
37,s3fd,14,5.8815
37,s3fd,15,5.34237
37,s3fd,16,6.20258
37,s3fd,17,5.6383
37,s3fd,18,4.73629
37,s3fd,19,5.33074
37,s3fd,20,12.982
37,s3fd,21,12.9905
37,s3fd,22,12.7361
37,s3fd,23,12.4477
37,s3fd,24,12.5362
37,s3fd,25,12.7146
37,s3fd,26,12.7073
37,s3fd,27,12.7438
37,s3fd,28,12.7069
37,s3fd,29,14.8719
37,s3fd,30,12.8504
37,s3fd,31,13.1261
37,s3fd,32,12.4739
37,s3fd,33,12.7984
37,s3fd,34,12.6656
37,s3fd,35,12.651
38,s3fd,36,12.7103
38,s3fd,37,12.6317
38,s3fd,38,12.654
38,s3fd,39,9.63641
38,s3fd,40,10.189
38,s3fd,41,12.8934
38,s3fd,42,12.6634
38,s3fd,43,12.5933
38,s3fd,44,12.7072
38,s3fd,45,12.6984
38,s3fd,46,12.7628
38,s3fd,47,12.6168
38,s3fd,48,12.8363
38,s3fd,49,12.3775
38,s3fd,50,12.8199
38,s3fd,51,10.1134
38,s3fd,52,5.21176
38,s3fd,53,4.46857
38,s3fd,54,4.73768
38,s3fd,55,5.9837
38,s3fd,56,4.8203
38,s3fd,57,5.06332
38,s3fd,58,13.6518
38,s3fd,59,12.9323
38,s3fd,60,12.8687
38,s3fd,61,12.3848
38,s3fd,62,12.7417
38,s3fd,63,12.6719
38,s3fd,64,13.229
38,s3fd,65,12.3428
38,s3fd,66,12.4051
38,s3fd,67,12.7944
38,s3fd,68,12.7352
38,s3fd,69,12.6709
38,s3fd,70,12.6477
38,s3fd,71,12.7009
38,s3fd,72,12.6492
38,s3fd,73,12.5373
38,s3fd,74,12.5159
38,s3fd,75,12.694
38,s3fd,76,12.7835
38,s3fd,77,13.0778
38,s3fd,78,9.96361
38,s3fd,79,8.16788
38,s3fd,80,13.6909
38,s3fd,81,12.6761
38,s3fd,82,12.7946
38,s3fd,83,12.5025
38,s3fd,84,12.7776
38,s3fd,85,12.7146
38,scrfd,36,5.49501
38,scrfd,37,2.866
38,scrfd,38,3.0187
38,scrfd,39,3.11226
38,scrfd,40,3.30547
38,scrfd,41,3.39026
38,scrfd,42,4.98547
38,scrfd,43,3.0487
38,scrfd,44,3.09542
38,scrfd,45,3.13618
38,scrfd,46,3.41862
38,scrfd,47,2.82253
38,scrfd,48,3.04054
38,scrfd,49,3.07992
38,scrfd,50,3.36748
38,scrfd,51,3.07103
38,scrfd,52,3.19751
38,scrfd,53,3.11699
38,scrfd,54,1.97067
38,scrfd,55,1.54808
38,scrfd,56,1.50795
38,scrfd,57,1.90929
38,scrfd,58,1.73014
38,scrfd,59,1.62771
38,scrfd,60,2.72878
38,scrfd,61,1.65384
38,scrfd,62,1.66681
38,scrfd,63,1.57212
38,scrfd,64,1.58895
38,scrfd,65,1.54577
38,scrfd,66,1.58923
38,scrfd,67,3.04962
38,scrfd,68,5.45036
38,scrfd,69,3.03506
38,scrfd,70,3.07328
38,scrfd,71,3.3962
38,scrfd,72,3.09183
38,scrfd,73,3.09034
38,scrfd,74,3.0779
38,scrfd,75,3.08744
38,scrfd,76,3.14385
38,scrfd,77,3.03209
38,scrfd,78,3.36181
38,scrfd,79,2.92068
38,scrfd,80,3.08024
38,scrfd,81,3.09447
38,scrfd,82,3.06572
38,scrfd,83,3.45795
38,scrfd,84,5.12798
38,scrfd,85,3.05497
39,scrfd,86,3.17047
39,scrfd,87,2.95149
39,scrfd,88,3.43602
39,scrfd,89,2.80092
39,scrfd,90,3.11102
39,scrfd,91,3.03257
39,scrfd,92,3.10536
39,scrfd,93,3.39472
39,scrfd,94,5.09819
39,scrfd,95,3.05571
39,scrfd,96,3.11312
39,scrfd,97,3.10415
39,scrfd,98,5.43094
39,scrfd,99,3.08025
39,scrfd,100,3.07399
39,scrfd,101,3.23703
39,scrfd,102,3.23655
39,scrfd,103,3.10473
39,scrfd,104,3.02817
39,scrfd,105,3.11763
39,scrfd,106,3.17259
39,scrfd,107,3.01912
39,scrfd,108,3.21553
39,scrfd,109,3.021
39,scrfd,110,3.08478
39,scrfd,111,3.07928
39,scrfd,112,3.06525
39,scrfd,113,3.40004
39,scrfd,114,2.79067
39,scrfd,115,3.13856
39,scrfd,116,3.18178
39,scrfd,117,3.27213
39,scrfd,118,3.1679
39,scrfd,119,3.06736
39,scrfd,120,3.061
39,scrfd,121,3.09703
39,scrfd,122,3.11572
39,scrfd,123,3.09721
39,scrfd,124,3.19901
39,scrfd,125,3.02624
39,scrfd,126,3.10868
39,scrfd,127,3.1029
39,scrfd,128,3.06289
39,scrfd,129,3.65761
39,scrfd,130,4.75769
39,scrfd,131,3.14863
39,scrfd,132,3.09035
39,scrfd,133,3.03739
39,scrfd,134,3.20065
39,scrfd,135,3.04712
39,s3fd,86,13.1474
39,s3fd,87,6.91661
39,s3fd,88,11.6376
39,s3fd,89,12.6153
39,s3fd,90,12.7702
39,s3fd,91,12.6532
39,s3fd,92,12.6727
39,s3fd,93,12.7996
39,s3fd,94,14.6659
39,s3fd,95,12.6182
39,s3fd,96,12.7106
39,s3fd,97,12.7487
39,s3fd,98,12.715
39,s3fd,99,5.85559
39,s3fd,100,4.50092
39,s3fd,101,5.43755
39,s3fd,102,4.99242
39,s3fd,103,4.65498
39,s3fd,104,4.69984
39,s3fd,105,5.66286
39,s3fd,106,13.3431
39,s3fd,107,12.5937
39,s3fd,108,12.8003
39,s3fd,109,12.6806
39,s3fd,110,12.7495
39,s3fd,111,12.6254
39,s3fd,112,12.7329
39,s3fd,113,12.6095
39,s3fd,114,12.7991
39,s3fd,115,12.6868
39,s3fd,116,12.3896
39,s3fd,117,12.7193
39,s3fd,118,12.7388
39,s3fd,119,12.6049
39,s3fd,120,12.6893
39,s3fd,121,12.7562
39,s3fd,122,12.9068
39,s3fd,123,12.5247
39,s3fd,124,12.6411
39,s3fd,125,12.7177
39,s3fd,126,11.9717
39,s3fd,127,7.90086
39,s3fd,128,11.6263
39,s3fd,129,12.723
39,s3fd,130,14.6253
39,s3fd,131,12.6064
39,s3fd,132,12.6828
39,s3fd,133,12.6166
39,s3fd,134,12.8224
39,s3fd,135,12.6439
